<?xml version="1.0" encoding="UTF-8"?>
<CustomField xmlns="http://soap.sforce.com/2006/04/metadata">
    <fullName>Fuel_Type__c</fullName>
    <externalId>false</externalId>
    <label>Fuel Type</label>
    <required>false</required>
    <trackHistory>false</trackHistory>
    <trackTrending>false</trackTrending>
    <type>Picklist</type>
    <valueSet>
        <valueSetDefinition>
            <sorted>false</sorted>
            <value>
                <fullName>Gasoline</fullName>
                <default>true</default>
                <label>Gasoline</label>
            </value>
            <value>
                <fullName>Diesel</fullName>
                <default>false</default>
                <label>Diesel</label>
            </value>
            <value>
                <fullName>Ethanol</fullName>
                <default>false</default>
                <label>Ethanol</label>
            </value>
            <value>
                <fullName>Methanol</fullName>
                <default>false</default>
                <label>Methanol</label>
            </value>
            <value>
                <fullName>Natural Gas</fullName>
                <default>false</default>
                <label>Natural Gas</label>
            </value>
            <value>
                <fullName>Hydrogen</fullName>
                <default>false</default>
                <label>Hydrogen</label>
            </value>
            <value>
                <fullName>Biodiesel</fullName>
                <default>false</default>
                <label>Biodiesel</label>
            </value>
            <value>
                <fullName>Liquid Petroleum Gas</fullName>
                <default>false</default>
                <label>Liquid Petroleum Gas</label>
            </value>
        </valueSetDefinition>
    </valueSet>
</CustomField>
