<?xml version="1.0" encoding="UTF-8"?>
<CustomField xmlns="http://soap.sforce.com/2006/04/metadata">
    <fullName>Stage__c</fullName>
    <externalId>false</externalId>
    <label>Stage</label>
    <required>false</required>
    <trackHistory>false</trackHistory>
    <trackTrending>false</trackTrending>
    <type>Picklist</type>
    <valueSet>
        <valueSetDefinition>
            <sorted>false</sorted>
            <value>
                <fullName>Manufacturing</fullName>
                <default>true</default>
                <label>Manufacturing</label>
            </value>
            <value>
                <fullName>Manufactured</fullName>
                <default>false</default>
                <label>Manufactured</label>
            </value>
            <value>
                <fullName>Ready for Launch</fullName>
                <default>false</default>
                <label>Ready for Launch</label>
            </value>
            <value>
                <fullName>Launched</fullName>
                <default>false</default>
                <label>Launched</label>
            </value>
        </valueSetDefinition>
    </valueSet>
</CustomField>
