<?xml version="1.0" encoding="UTF-8"?>
<CustomField xmlns="http://soap.sforce.com/2006/04/metadata">
    <fullName>Course__c</fullName>
    <externalId>false</externalId>
    <label>Course</label>
    <required>true</required>
    <trackHistory>false</trackHistory>
    <trackTrending>false</trackTrending>
    <type>Picklist</type>
    <valueSet>
        <restricted>true</restricted>
        <valueSetDefinition>
            <sorted>false</sorted>
            <value>
                <fullName>Engineering</fullName>
                <default>false</default>
                <label>Engineering</label>
            </value>
            <value>
                <fullName>Commerce</fullName>
                <default>false</default>
                <label>Commerce</label>
            </value>
            <value>
                <fullName>Arts</fullName>
                <default>false</default>
                <label>Arts</label>
            </value>
            <value>
                <fullName>Economics</fullName>
                <default>false</default>
                <label>Economics</label>
            </value>
        </valueSetDefinition>
    </valueSet>
</CustomField>
