<?xml version="1.0" encoding="UTF-8"?>
<CustomField xmlns="http://soap.sforce.com/2006/04/metadata">
    <fullName>Semester__c</fullName>
    <externalId>false</externalId>
    <label>Semester</label>
    <required>true</required>
    <trackHistory>false</trackHistory>
    <trackTrending>false</trackTrending>
    <type>Picklist</type>
    <valueSet>
        <restricted>true</restricted>
        <valueSetDefinition>
            <sorted>false</sorted>
            <value>
                <fullName>Semester 1</fullName>
                <default>false</default>
                <label>Semester 1</label>
            </value>
            <value>
                <fullName>Semester 2</fullName>
                <default>false</default>
                <label>Semester 2</label>
            </value>
            <value>
                <fullName>Semester 3</fullName>
                <default>false</default>
                <label>Semester 3</label>
            </value>
            <value>
                <fullName>Semester 4</fullName>
                <default>false</default>
                <label>Semester 4</label>
            </value>
        </valueSetDefinition>
    </valueSet>
</CustomField>
