<?xml version="1.0" encoding="UTF-8"?>
<CustomField xmlns="http://soap.sforce.com/2006/04/metadata">
    <fullName>Subject__c</fullName>
    <externalId>false</externalId>
    <label>Subject</label>
    <required>true</required>
    <trackHistory>false</trackHistory>
    <trackTrending>false</trackTrending>
    <type>Picklist</type>
    <valueSet>
        <controllingField>Course__c</controllingField>
        <restricted>true</restricted>
        <valueSetDefinition>
            <sorted>false</sorted>
            <value>
                <fullName>Mathematics</fullName>
                <default>false</default>
                <label>Mathematics</label>
            </value>
            <value>
                <fullName>Physics</fullName>
                <default>false</default>
                <label>Physics</label>
            </value>
            <value>
                <fullName>Chemistry</fullName>
                <default>false</default>
                <label>Chemistry</label>
            </value>
            <value>
                <fullName>Sketching</fullName>
                <default>false</default>
                <label>Sketching</label>
            </value>
            <value>
                <fullName>Communications</fullName>
                <default>false</default>
                <label>Communications</label>
            </value>
            <value>
                <fullName>Financial Accounting</fullName>
                <default>false</default>
                <label>Financial Accounting</label>
            </value>
            <value>
                <fullName>Marketing</fullName>
                <default>false</default>
                <label>Marketing</label>
            </value>
            <value>
                <fullName>Company Secretary</fullName>
                <default>false</default>
                <label>Company Secretary</label>
            </value>
        </valueSetDefinition>
        <valueSettings>
            <controllingFieldValue>Engineering</controllingFieldValue>
            <controllingFieldValue>Economics</controllingFieldValue>
            <valueName>Mathematics</valueName>
        </valueSettings>
        <valueSettings>
            <controllingFieldValue>Engineering</controllingFieldValue>
            <valueName>Physics</valueName>
        </valueSettings>
        <valueSettings>
            <controllingFieldValue>Engineering</controllingFieldValue>
            <controllingFieldValue>Commerce</controllingFieldValue>
            <controllingFieldValue>Economics</controllingFieldValue>
            <valueName>Communications</valueName>
        </valueSettings>
        <valueSettings>
            <controllingFieldValue>Commerce</controllingFieldValue>
            <valueName>Financial Accounting</valueName>
        </valueSettings>
        <valueSettings>
            <controllingFieldValue>Commerce</controllingFieldValue>
            <controllingFieldValue>Economics</controllingFieldValue>
            <valueName>Company Secretary</valueName>
        </valueSettings>
        <valueSettings>
            <controllingFieldValue>Arts</controllingFieldValue>
            <valueName>Sketching</valueName>
        </valueSettings>
    </valueSet>
</CustomField>
