<?xml version="1.0" encoding="UTF-8"?>
<CustomApplication xmlns="http://soap.sforce.com/2006/04/metadata">
    <brand>
        <headerColor>#FA686B</headerColor>
        <logo>order_management</logo>
        <logoVersion>1</logoVersion>
        <shouldOverrideOrgTheme>false</shouldOverrideOrgTheme>
    </brand>
    <description>Order Management App is a platform to track Orders, Invoice and delivery status for the customer orders.</description>
    <formFactors>Small</formFactors>
    <formFactors>Large</formFactors>
    <isNavAutoTempTabsDisabled>false</isNavAutoTempTabsDisabled>
    <isNavPersonalizationDisabled>false</isNavPersonalizationDisabled>
    <label>Order Management App</label>
    <navType>Standard</navType>
    <tabs>standard-Account</tabs>
    <tabs>standard-Contact</tabs>
    <tabs>standard-Opportunity</tabs>
    <tabs>standard-Contract</tabs>
    <tabs>standard-Product2</tabs>
    <tabs>standard-Pricebook2</tabs>
    <tabs>standard-Order</tabs>
    <uiType>Lightning</uiType>
    <utilityBar>Order_Management_App_UtilityBar</utilityBar>
</CustomApplication>
