<?xml version="1.0" encoding="UTF-8"?>
<EmailServicesFunction xmlns="http://soap.sforce.com/2006/04/metadata">
    <apexClass>CreateRequestFromEmail</apexClass>
    <attachmentOption>None</attachmentOption>
    <authenticationFailureAction>Discard</authenticationFailureAction>
    <authorizationFailureAction>Discard</authorizationFailureAction>
    <functionInactiveAction>Discard</functionInactiveAction>
    <functionName>CreateRequestFromEmail</functionName>
    <isActive>true</isActive>
    <isAuthenticationRequired>false</isAuthenticationRequired>
    <isErrorRoutingEnabled>false</isErrorRoutingEnabled>
    <isTextAttachmentsAsBinary>false</isTextAttachmentsAsBinary>
    <isTlsRequired>false</isTlsRequired>
    <overLimitAction>Discard</overLimitAction>
</EmailServicesFunction>
