[{"_allAttributes":null,"_properties":null,"_methods":null,"file":"d:/Collabera/Projects/Paypal Clone/force-app/main/default/lwc/walletPage/walletPage.js","metadata":{"decorators":[],"exports":[{"type":"ExportDefaultDeclaration"}]},"updatedAt":"2022-08-09T13:06:18.755Z"},{"_allAttributes":null,"_properties":null,"_methods":null,"file":"d:/Collabera/Projects/Paypal Clone/force-app/main/default/lwc/billsPage/billsPage.js","metadata":{"decorators":[{"type":"api","targets":[{"type":"property","name":"idWallet","value":{"type":"unresolved"}},{"type":"property","name":"idBill","value":{"type":"unresolved"}},{"type":"property","name":"errorMessage","value":{"type":"unresolved"}}]}],"exports":[{"type":"ExportDefaultDeclaration"}]},"updatedAt":"2022-08-09T08:49:45.286Z"},{"_allAttributes":null,"_properties":null,"_methods":null,"file":"d:/Collabera/Projects/Paypal Clone/force-app/main/default/lwc/palModal/palModal.js","metadata":{"decorators":[{"type":"api","targets":[{"type":"property","name":"idPassed","value":{"type":"unresolved"}},{"type":"property","name":"idSender","value":{"type":"unresolved"}},{"type":"property","name":"nameReceiver","value":{"type":"unresolved"}},{"type":"method","name":"show"}]}],"declarationLoc":{"start":{"line":6,"column":0},"end":{"line":53,"column":1}},"classMembers":[{"type":"property","name":"showModal","loc":{"start":{"line":7,"column":4},"end":{"line":7,"column":20}}},{"type":"property","name":"objectName","loc":{"start":{"line":8,"column":4},"end":{"line":8,"column":29}}},{"type":"property","name":"balance","loc":{"start":{"line":9,"column":4},"end":{"line":9,"column":21}}},{"type":"property","name":"idPassed","loc":{"start":{"line":12,"column":4},"end":{"line":12,"column":18}},"decorator":"api","value":{"type":"unresolved"}},{"type":"property","name":"idSender","loc":{"start":{"line":13,"column":4},"end":{"line":13,"column":18}},"decorator":"api","value":{"type":"unresolved"}},{"type":"property","name":"nameReceiver","loc":{"start":{"line":14,"column":4},"end":{"line":14,"column":22}},"decorator":"api","value":{"type":"unresolved"}},{"type":"method","name":"show","loc":{"start":{"line":16,"column":4},"end":{"line":18,"column":5}},"decorator":"api"},{"type":"method","name":"handleDialogClose","loc":{"start":{"line":20,"column":4},"end":{"line":22,"column":5}}},{"type":"method","name":"handleCancelEditForm","loc":{"start":{"line":24,"column":4},"end":{"line":27,"column":5}}},{"type":"method","name":"handleSaveEditForm","loc":{"start":{"line":29,"column":4},"end":{"line":51,"column":5}}}],"exports":[{"type":"ExportDefaultDeclaration"}]},"updatedAt":"2022-08-07T16:24:19.027Z"},{"_allAttributes":null,"_properties":null,"_methods":null,"file":"d:/Collabera/Projects/Paypal Clone/force-app/main/default/lwc/palsPage/palsPage.js","metadata":{"decorators":[],"exports":[{"type":"ExportDefaultDeclaration"}]},"updatedAt":"2022-08-07T16:08:13.716Z"},{"_allAttributes":null,"_properties":null,"_methods":null,"file":"d:/Collabera/Projects/Paypal Clone/force-app/main/default/lwc/passbookPage/passbookPage.js","metadata":{"decorators":[],"declarationLoc":{"start":{"line":62,"column":0},"end":{"line":185,"column":1}},"classMembers":[{"type":"property","name":"columns","loc":{"start":{"line":64,"column":4},"end":{"line":64,"column":19}}},{"type":"property","name":"result","loc":{"start":{"line":65,"column":4},"end":{"line":65,"column":11}}},{"type":"property","name":"error","loc":{"start":{"line":66,"column":4},"end":{"line":66,"column":10}}},{"type":"property","name":"comment","loc":{"start":{"line":68,"column":4},"end":{"line":68,"column":12}}},{"type":"method","name":"connectedCallback","loc":{"start":{"line":70,"column":4},"end":{"line":72,"column":5}}},{"type":"method","name":"handlePassbookData","loc":{"start":{"line":74,"column":4},"end":{"line":93,"column":5}}},{"type":"method","name":"renderedCallback","loc":{"start":{"line":95,"column":4},"end":{"line":97,"column":5}}},{"type":"method","name":"navigateToSendPDF","loc":{"start":{"line":99,"column":4},"end":{"line":127,"column":5}}},{"type":"method","name":"saveByteArray","loc":{"start":{"line":129,"column":4},"end":{"line":136,"column":5}}},{"type":"method","name":"handleFlagSelectedRows","loc":{"start":{"line":138,"column":4},"end":{"line":183,"column":5}}}],"exports":[{"type":"ExportDefaultDeclaration"}]},"updatedAt":"2022-08-09T05:10:09.405Z"},{"_allAttributes":null,"_properties":null,"_methods":null,"file":"d:/Collabera/Projects/Paypal Clone/force-app/main/default/lwc/flagFunction/flagFunction.js","metadata":{"decorators":[{"type":"api","targets":[{"type":"property","name":"recordId","value":{"type":"unresolved"}},{"type":"property","name":"passbookId","value":{"type":"unresolved"}},{"type":"property","name":"venderName","value":{"type":"unresolved"}},{"type":"property","name":"userId","value":{"type":"unresolved"}},{"type":"property","name":"amount","value":{"type":"unresolved"}},{"type":"property","name":"cancelled","value":{"type":"unresolved"}},{"type":"method","name":"invoke"}]}],"declarationLoc":{"start":{"line":6,"column":0},"end":{"line":57,"column":1}},"classMembers":[{"type":"property","name":"recordId","loc":{"start":{"line":7,"column":4},"end":{"line":7,"column":18}},"decorator":"api","value":{"type":"unresolved"}},{"type":"property","name":"passbookId","loc":{"start":{"line":8,"column":4},"end":{"line":8,"column":20}},"decorator":"api","value":{"type":"unresolved"}},{"type":"property","name":"venderName","loc":{"start":{"line":9,"column":4},"end":{"line":9,"column":20}},"decorator":"api","value":{"type":"unresolved"}},{"type":"property","name":"userId","loc":{"start":{"line":10,"column":4},"end":{"line":10,"column":16}},"decorator":"api","value":{"type":"unresolved"}},{"type":"property","name":"amount","loc":{"start":{"line":11,"column":4},"end":{"line":11,"column":16}},"decorator":"api","value":{"type":"unresolved"}},{"type":"property","name":"cancelled","loc":{"start":{"line":12,"column":4},"end":{"line":12,"column":19}},"decorator":"api","value":{"type":"unresolved"}},{"type":"method","name":"invoke","loc":{"start":{"line":14,"column":4},"end":{"line":55,"column":4}},"decorator":"api"}],"exports":[{"type":"ExportDefaultDeclaration"}]},"updatedAt":"2022-08-09T07:23:05.168Z"},{"_allAttributes":null,"_properties":null,"_methods":null,"file":"d:/Collabera/Projects/Paypal Clone/force-app/main/default/lwc/supportBills/supportBills.js","metadata":{"decorators":[],"exports":[{"type":"ExportDefaultDeclaration"}]},"updatedAt":"2022-08-09T14:03:15.078Z"},{"_allAttributes":null,"_properties":null,"_methods":null,"file":"d:/Collabera/Projects/Paypal Clone/force-app/main/default/lwc/supportPassbook/supportPassbook.js","metadata":{"decorators":[{"type":"api","targets":[{"type":"property","name":"recordId","value":{"type":"unresolved"}},{"type":"property","name":"passbookId","value":{"type":"unresolved"}},{"type":"property","name":"venderName","value":{"type":"unresolved"}},{"type":"property","name":"userId","value":{"type":"unresolved"}},{"type":"property","name":"amount","value":{"type":"unresolved"}},{"type":"property","name":"cancelled","value":{"type":"unresolved"}}]}],"declarationLoc":{"start":{"line":67,"column":0},"end":{"line":213,"column":1}},"classMembers":[{"type":"property","name":"columns","loc":{"start":{"line":69,"column":4},"end":{"line":69,"column":19}}},{"type":"property","name":"result","loc":{"start":{"line":70,"column":4},"end":{"line":70,"column":11}}},{"type":"property","name":"error","loc":{"start":{"line":71,"column":4},"end":{"line":71,"column":10}}},{"type":"property","name":"comment","loc":{"start":{"line":73,"column":4},"end":{"line":73,"column":12}}},{"type":"property","name":"recordId","loc":{"start":{"line":75,"column":4},"end":{"line":75,"column":18}},"decorator":"api","value":{"type":"unresolved"}},{"type":"property","name":"passbookId","loc":{"start":{"line":76,"column":4},"end":{"line":76,"column":20}},"decorator":"api","value":{"type":"unresolved"}},{"type":"property","name":"venderName","loc":{"start":{"line":77,"column":4},"end":{"line":77,"column":20}},"decorator":"api","value":{"type":"unresolved"}},{"type":"property","name":"userId","loc":{"start":{"line":78,"column":4},"end":{"line":78,"column":16}},"decorator":"api","value":{"type":"unresolved"}},{"type":"property","name":"amount","loc":{"start":{"line":79,"column":4},"end":{"line":79,"column":16}},"decorator":"api","value":{"type":"unresolved"}},{"type":"property","name":"cancelled","loc":{"start":{"line":80,"column":4},"end":{"line":80,"column":19}},"decorator":"api","value":{"type":"unresolved"}},{"type":"method","name":"connectedCallback","loc":{"start":{"line":82,"column":4},"end":{"line":84,"column":5}}},{"type":"method","name":"handlePassbookData","loc":{"start":{"line":86,"column":4},"end":{"line":106,"column":5}}},{"type":"method","name":"handleFlagSelectedRows","loc":{"start":{"line":108,"column":4},"end":{"line":161,"column":5}}},{"type":"method","name":"handleCancelRecords","loc":{"start":{"line":163,"column":4},"end":{"line":211,"column":5}}}],"exports":[{"type":"ExportDefaultDeclaration"}]},"updatedAt":"2022-08-09T09:07:55.030Z"},{"_allAttributes":null,"_properties":null,"_methods":null,"file":"d:/Collabera/Projects/Paypal Clone/force-app/main/default/lwc/billsModal/billsModal.js","metadata":{"decorators":[{"type":"api","targets":[{"type":"property","name":"passedId","value":{"type":"unresolved"}},{"type":"property","name":"addRecord","value":{"type":"boolean","value":false}},{"type":"property","name":"idRecord","value":{"type":"unresolved"}},{"type":"method","name":"show"}]}],"exports":[{"type":"ExportDefaultDeclaration"}]},"updatedAt":"2022-08-09T14:42:07.837Z"},{"_allAttributes":null,"_properties":null,"_methods":null,"file":"d:/Collabera/Projects/Paypal Clone/force-app/main/default/lwc/cardPage/cardPage.js","metadata":{"decorators":[],"declarationLoc":{"start":{"line":9,"column":0},"end":{"line":54,"column":1}},"classMembers":[{"type":"property","name":"fields","loc":{"start":{"line":11,"column":4},"end":{"line":11,"column":47}}},{"type":"property","name":"isShow","loc":{"start":{"line":13,"column":4},"end":{"line":13,"column":11}}},{"type":"property","name":"ownerName","loc":{"start":{"line":14,"column":4},"end":{"line":14,"column":14}}},{"type":"property","name":"cardNumber","loc":{"start":{"line":15,"column":4},"end":{"line":15,"column":15}}},{"type":"property","name":"totalSpend","loc":{"start":{"line":16,"column":4},"end":{"line":16,"column":15}}},{"type":"method","name":"connectedCallback","loc":{"start":{"line":18,"column":4},"end":{"line":20,"column":5}}},{"type":"method","name":"checkuser","loc":{"start":{"line":22,"column":4},"end":{"line":34,"column":5}}},{"type":"method","name":"handleCardRecords","loc":{"start":{"line":36,"column":4},"end":{"line":52,"column":5}}}],"exports":[{"type":"ExportDefaultDeclaration"}]},"updatedAt":"2022-08-09T12:47:37.668Z"},{"_allAttributes":null,"_properties":null,"_methods":null,"file":"d:/Collabera/Projects/Paypal Clone/force-app/main/default/lwc/walletModal/walletModal.js","metadata":{"decorators":[{"type":"api","targets":[{"type":"property","name":"idRecord","value":{"type":"unresolved"}},{"type":"method","name":"show"}]}],"exports":[{"type":"ExportDefaultDeclaration"}]},"updatedAt":"2022-08-09T13:17:18.385Z"}]