<?xml version="1.0" encoding="UTF-8"?>
<Flow xmlns="http://soap.sforce.com/2006/04/metadata">
    <apiVersion>55.0</apiVersion>
    <decisions>
        <name>certification_request_is_not_null</name>
        <label>certification request is not null</label>
        <locationX>514</locationX>
        <locationY>481</locationY>
        <defaultConnectorLabel>Default Outcome</defaultConnectorLabel>
        <rules>
            <name>Is_record_not_null</name>
            <conditionLogic>and</conditionLogic>
            <conditions>
                <leftValueReference>Fetch_Certification_Request_Records.Id</leftValueReference>
                <operator>IsNull</operator>
                <rightValue>
                    <booleanValue>false</booleanValue>
                </rightValue>
            </conditions>
            <connector>
                <targetReference>Check_if_the_new_record_is_active</targetReference>
            </connector>
            <label>Is record not null</label>
        </rules>
    </decisions>
    <decisions>
        <name>Check_if_the_new_record_is_active</name>
        <label>Check if the new record is active</label>
        <locationX>516</locationX>
        <locationY>702</locationY>
        <defaultConnectorLabel>Default Outcome</defaultConnectorLabel>
        <rules>
            <name>It_is_active</name>
            <conditionLogic>and</conditionLogic>
            <conditions>
                <leftValueReference>$Record.Active__c</leftValueReference>
                <operator>EqualTo</operator>
                <rightValue>
                    <booleanValue>true</booleanValue>
                </rightValue>
            </conditions>
            <connector>
                <targetReference>Assign_voucher_to_approved_certification_request</targetReference>
            </connector>
            <label>It is active</label>
        </rules>
    </decisions>
    <interviewLabel>Auto Assign Voucher to approved cert request {!$Flow.CurrentDateTime}</interviewLabel>
    <label>Auto Assign Voucher to approved cert request</label>
    <processMetadataValues>
        <name>BuilderType</name>
        <value>
            <stringValue>LightningFlowBuilder</stringValue>
        </value>
    </processMetadataValues>
    <processMetadataValues>
        <name>CanvasMode</name>
        <value>
            <stringValue>FREE_FORM_CANVAS</stringValue>
        </value>
    </processMetadataValues>
    <processMetadataValues>
        <name>OriginBuilderType</name>
        <value>
            <stringValue>LightningFlowBuilder</stringValue>
        </value>
    </processMetadataValues>
    <processType>AutoLaunchedFlow</processType>
    <recordLookups>
        <name>Fetch_Certification_Request_Records</name>
        <label>Fetch Certification Request Records</label>
        <locationX>776</locationX>
        <locationY>376</locationY>
        <assignNullValuesIfNoRecordsFound>false</assignNullValuesIfNoRecordsFound>
        <connector>
            <targetReference>certification_request_is_not_null</targetReference>
        </connector>
        <filterLogic>and</filterLogic>
        <filters>
            <field>Voucher__c</field>
            <operator>IsNull</operator>
            <value>
                <booleanValue>true</booleanValue>
            </value>
        </filters>
        <filters>
            <field>Status__c</field>
            <operator>EqualTo</operator>
            <value>
                <stringValue>Approved</stringValue>
            </value>
        </filters>
        <getFirstRecordOnly>true</getFirstRecordOnly>
        <object>Certification_Request__c</object>
        <sortField>CreatedDate</sortField>
        <sortOrder>Asc</sortOrder>
        <storeOutputAutomatically>true</storeOutputAutomatically>
    </recordLookups>
    <recordUpdates>
        <name>Assign_voucher_to_approved_certification_request</name>
        <label>Assign voucher to approved certification request</label>
        <locationX>777</locationX>
        <locationY>598</locationY>
        <connector>
            <targetReference>Update_To_Used</targetReference>
        </connector>
        <filterLogic>and</filterLogic>
        <filters>
            <field>Status__c</field>
            <operator>EqualTo</operator>
            <value>
                <stringValue>Approved</stringValue>
            </value>
        </filters>
        <filters>
            <field>Voucher__c</field>
            <operator>IsNull</operator>
            <value>
                <booleanValue>true</booleanValue>
            </value>
        </filters>
        <inputAssignments>
            <field>Voucher__c</field>
            <value>
                <elementReference>$Record.Id</elementReference>
            </value>
        </inputAssignments>
        <object>Certification_Request__c</object>
    </recordUpdates>
    <recordUpdates>
        <name>Update_To_Used</name>
        <label>Update To Used</label>
        <locationX>944</locationX>
        <locationY>598</locationY>
        <inputAssignments>
            <field>Used__c</field>
            <value>
                <booleanValue>true</booleanValue>
            </value>
        </inputAssignments>
        <inputReference>$Record</inputReference>
    </recordUpdates>
    <start>
        <locationX>650</locationX>
        <locationY>48</locationY>
        <connector>
            <targetReference>Fetch_Certification_Request_Records</targetReference>
        </connector>
        <object>Voucher__c</object>
        <recordTriggerType>Create</recordTriggerType>
        <triggerType>RecordAfterSave</triggerType>
    </start>
    <status>Active</status>
</Flow>
