<?xml version="1.0" encoding="UTF-8"?>
<Flow xmlns="http://soap.sforce.com/2006/04/metadata">
    <actionCalls>
        <name>Due_date_alert</name>
        <label>Due date alert</label>
        <locationX>781</locationX>
        <locationY>731</locationY>
        <actionName>emailSimple</actionName>
        <actionType>emailSimple</actionType>
        <flowTransactionModel>CurrentTransaction</flowTransactionModel>
        <inputParameters>
            <name>emailBody</name>
            <value>
                <elementReference>DueDateEmail</elementReference>
            </value>
        </inputParameters>
        <inputParameters>
            <name>emailAddresses</name>
            <value>
                <elementReference>loop_through_certification_request.Employee__r.Email__c</elementReference>
            </value>
        </inputParameters>
        <inputParameters>
            <name>sendRichBody</name>
            <value>
                <booleanValue>true</booleanValue>
            </value>
        </inputParameters>
        <inputParameters>
            <name>senderAddress</name>
            <value>
                <elementReference>loop_through_certification_request.CreatedBy.Email</elementReference>
            </value>
        </inputParameters>
        <inputParameters>
            <name>emailSubject</name>
            <value>
                <stringValue>CERTIFICATION REQUEST IS DUE</stringValue>
            </value>
        </inputParameters>
    </actionCalls>
    <apiVersion>55.0</apiVersion>
    <decisions>
        <name>Check_if_the_status_is_still_not_passed_or_failed</name>
        <label>Check if the status is still not passed or failed</label>
        <locationX>992</locationX>
        <locationY>606</locationY>
        <defaultConnectorLabel>Default Outcome</defaultConnectorLabel>
        <rules>
            <name>Is_status_is_not_passed_or_failed</name>
            <conditionLogic>or</conditionLogic>
            <conditions>
                <leftValueReference>loop_through_certification_request.Status__c</leftValueReference>
                <operator>EqualTo</operator>
                <rightValue>
                    <stringValue>Draft</stringValue>
                </rightValue>
            </conditions>
            <conditions>
                <leftValueReference>loop_through_certification_request.Status__c</leftValueReference>
                <operator>EqualTo</operator>
                <rightValue>
                    <stringValue>Approved</stringValue>
                </rightValue>
            </conditions>
            <connector>
                <targetReference>Due_date_alert</targetReference>
            </connector>
            <label>Is status is not passed or failed</label>
        </rules>
    </decisions>
    <formulas>
        <name>TodayRecord</name>
        <dataType>Date</dataType>
        <expression>TODAY()</expression>
    </formulas>
    <interviewLabel>If status not completed after due data {!$Flow.CurrentDateTime}</interviewLabel>
    <label>If status not completed after due data</label>
    <loops>
        <name>loop_through_certification_request</name>
        <label>loop through certification request</label>
        <locationX>776</locationX>
        <locationY>476</locationY>
        <collectionReference>duedates</collectionReference>
        <iterationOrder>Asc</iterationOrder>
        <nextValueConnector>
            <targetReference>Check_if_the_status_is_still_not_passed_or_failed</targetReference>
        </nextValueConnector>
    </loops>
    <processMetadataValues>
        <name>BuilderType</name>
        <value>
            <stringValue>LightningFlowBuilder</stringValue>
        </value>
    </processMetadataValues>
    <processMetadataValues>
        <name>CanvasMode</name>
        <value>
            <stringValue>FREE_FORM_CANVAS</stringValue>
        </value>
    </processMetadataValues>
    <processMetadataValues>
        <name>OriginBuilderType</name>
        <value>
            <stringValue>LightningFlowBuilder</stringValue>
        </value>
    </processMetadataValues>
    <processType>AutoLaunchedFlow</processType>
    <recordLookups>
        <name>Fetch_Certification_Request</name>
        <label>Fetch Certification Request</label>
        <locationX>776</locationX>
        <locationY>298</locationY>
        <assignNullValuesIfNoRecordsFound>true</assignNullValuesIfNoRecordsFound>
        <connector>
            <targetReference>loop_through_certification_request</targetReference>
        </connector>
        <filterLogic>and</filterLogic>
        <filters>
            <field>Due_Date__c</field>
            <operator>LessThanOrEqualTo</operator>
            <value>
                <elementReference>TodayRecord</elementReference>
            </value>
        </filters>
        <object>Certification_Request__c</object>
        <outputReference>duedates</outputReference>
        <queriedFields>Id</queriedFields>
        <queriedFields>Name</queriedFields>
        <queriedFields>Status__c</queriedFields>
        <queriedFields>Due_Date__c</queriedFields>
        <queriedFields>Employee__c</queriedFields>
        <queriedFields>CreatedById</queriedFields>
        <queriedFields>Certification__c</queriedFields>
    </recordLookups>
    <start>
        <locationX>650</locationX>
        <locationY>48</locationY>
        <connector>
            <targetReference>Fetch_Certification_Request</targetReference>
        </connector>
        <schedule>
            <frequency>Daily</frequency>
            <startDate>2022-07-17</startDate>
            <startTime>05:00:00.000Z</startTime>
        </schedule>
        <triggerType>Scheduled</triggerType>
    </start>
    <status>Active</status>
    <textTemplates>
        <name>DueDateEmail</name>
        <isViewedAsPlainText>false</isViewedAsPlainText>
        <text>&lt;p&gt;&lt;strong style=&quot;font-size: 22px;&quot;&gt;CERTIFICATION REQUEST DUE&lt;/strong&gt;&lt;/p&gt;&lt;p&gt;&lt;br&gt;&lt;/p&gt;&lt;p&gt;&lt;span style=&quot;font-size: 14px;&quot;&gt;{!loop_through_certification_request.Employee__r.Name} your certification request &quot;{!loop_through_certification_request.Name}&quot; is already due.&lt;/span&gt;&lt;/p&gt;&lt;p&gt;&lt;span style=&quot;font-size: 14px;&quot;&gt;Certification: {!loop_through_certification_request.Certification__r.Name}&lt;/span&gt;&lt;/p&gt;&lt;p&gt;&lt;span style=&quot;font-size: 14px;&quot;&gt;Status: {!loop_through_certification_request.Status__c}&lt;/span&gt;&lt;/p&gt;&lt;p&gt;&lt;span style=&quot;font-size: 14px;&quot;&gt;Due Date: {!loop_through_certification_request.Due_Date__c}&lt;/span&gt;&lt;/p&gt;</text>
    </textTemplates>
    <variables>
        <name>duedates</name>
        <dataType>SObject</dataType>
        <isCollection>true</isCollection>
        <isInput>false</isInput>
        <isOutput>false</isOutput>
        <objectType>Certification_Request__c</objectType>
    </variables>
</Flow>
