<?xml version="1.0" encoding="UTF-8"?>
<Flow xmlns="http://soap.sforce.com/2006/04/metadata">
    <actionCalls>
        <description>This is an action to notify the user that there is a certification voucher issued to the employee.</description>
        <name>Send_Email_to_Inform_User_App_About_Voucher</name>
        <label>Send Email to Inform User App About Voucher</label>
        <locationX>176</locationX>
        <locationY>335</locationY>
        <actionName>emailSimple</actionName>
        <actionType>emailSimple</actionType>
        <flowTransactionModel>CurrentTransaction</flowTransactionModel>
        <inputParameters>
            <name>emailBody</name>
            <value>
                <elementReference>Body</elementReference>
            </value>
        </inputParameters>
        <inputParameters>
            <name>emailAddresses</name>
            <value>
                <elementReference>$Record.CreatedBy.Email</elementReference>
            </value>
        </inputParameters>
        <inputParameters>
            <name>sendRichBody</name>
            <value>
                <booleanValue>true</booleanValue>
            </value>
        </inputParameters>
        <inputParameters>
            <name>emailSubject</name>
            <value>
                <stringValue>Certification Request</stringValue>
            </value>
        </inputParameters>
    </actionCalls>
    <apiVersion>55.0</apiVersion>
    <interviewLabel>Notify User About The Issued Voucher {!$Flow.CurrentDateTime}</interviewLabel>
    <label>Notify User About The Issued Voucher</label>
    <processMetadataValues>
        <name>BuilderType</name>
        <value>
            <stringValue>LightningFlowBuilder</stringValue>
        </value>
    </processMetadataValues>
    <processMetadataValues>
        <name>CanvasMode</name>
        <value>
            <stringValue>AUTO_LAYOUT_CANVAS</stringValue>
        </value>
    </processMetadataValues>
    <processMetadataValues>
        <name>OriginBuilderType</name>
        <value>
            <stringValue>LightningFlowBuilder</stringValue>
        </value>
    </processMetadataValues>
    <processType>AutoLaunchedFlow</processType>
    <start>
        <locationX>50</locationX>
        <locationY>0</locationY>
        <connector>
            <targetReference>Send_Email_to_Inform_User_App_About_Voucher</targetReference>
        </connector>
        <doesRequireRecordChangedToMeetCriteria>true</doesRequireRecordChangedToMeetCriteria>
        <filterLogic>and</filterLogic>
        <filters>
            <field>Voucher__c</field>
            <operator>IsNull</operator>
            <value>
                <booleanValue>false</booleanValue>
            </value>
        </filters>
        <object>Certification_Request__c</object>
        <recordTriggerType>Update</recordTriggerType>
        <triggerType>RecordAfterSave</triggerType>
    </start>
    <status>Active</status>
    <textTemplates>
        <name>Body</name>
        <isViewedAsPlainText>false</isViewedAsPlainText>
        <text>&lt;p&gt;&lt;span style=&quot;background-color: rgb(255, 255, 255); font-size: 12px; font-family: sans-serif; color: rgb(0, 0, 0);&quot;&gt;Dear {!$Record.CreatedBy.CommunityNickname},&lt;/span&gt;&lt;/p&gt;&lt;p&gt;&lt;br&gt;&lt;/p&gt;&lt;p&gt;&lt;span style=&quot;background-color: rgb(255, 255, 255); font-size: 12px; font-family: sans-serif; color: rgb(0, 0, 0);&quot;&gt;This email is to inform you that my request has been issued with a voucher.&lt;/span&gt;&lt;/p&gt;&lt;p&gt;&lt;br&gt;&lt;/p&gt;&lt;p&gt;&lt;span style=&quot;font-size: 12px; font-family: sans-serif;&quot;&gt;Certification Request Name: {!$Record.Name}&lt;/span&gt;&lt;/p&gt;&lt;p&gt;&lt;span style=&quot;font-size: 12px; font-family: sans-serif;&quot;&gt;Certification: {!$Record.Certification__r.Name}&lt;/span&gt;&lt;/p&gt;&lt;p&gt;&lt;span style=&quot;font-size: 12px; font-family: sans-serif;&quot;&gt;Voucher ID: {!$Record.Voucher__r.Name}&lt;/span&gt;&lt;/p&gt;&lt;p&gt;&lt;br&gt;&lt;/p&gt;&lt;p&gt;&lt;span style=&quot;background-color: rgb(255, 255, 255); font-size: 12px; font-family: sans-serif; color: rgb(0, 0, 0);&quot;&gt;Thank you,&lt;/span&gt;&lt;/p&gt;&lt;p&gt;&lt;br&gt;&lt;/p&gt;&lt;p&gt;&lt;span style=&quot;background-color: rgb(255, 255, 255); font-size: 12px; font-family: sans-serif; color: rgb(0, 0, 0);&quot;&gt;Regards,&lt;/span&gt;&lt;/p&gt;&lt;p&gt;{!$Record.Employee__r.Name}&lt;/p&gt;</text>
    </textTemplates>
</Flow>
