<?xml version="1.0" encoding="UTF-8"?>
<Flow xmlns="http://soap.sforce.com/2006/04/metadata">
    <actionCalls>
        <description>This email is to notify the employee that the request has been created.</description>
        <name>Send_email_to_employee</name>
        <label>Send email to employee</label>
        <locationX>782</locationX>
        <locationY>399</locationY>
        <actionName>emailSimple</actionName>
        <actionType>emailSimple</actionType>
        <flowTransactionModel>CurrentTransaction</flowTransactionModel>
        <inputParameters>
            <name>emailBody</name>
            <value>
                <elementReference>Bodyoftheemail</elementReference>
            </value>
        </inputParameters>
        <inputParameters>
            <name>emailAddresses</name>
            <value>
                <elementReference>$Record.Employee__r.Email__c</elementReference>
            </value>
        </inputParameters>
        <inputParameters>
            <name>sendRichBody</name>
            <value>
                <booleanValue>true</booleanValue>
            </value>
        </inputParameters>
        <inputParameters>
            <name>emailSubject</name>
            <value>
                <stringValue>Certification Request</stringValue>
            </value>
        </inputParameters>
    </actionCalls>
    <apiVersion>55.0</apiVersion>
    <description>This is to notify the employee that the request has been created.</description>
    <interviewLabel>Send Email to Employee {!$Flow.CurrentDateTime}</interviewLabel>
    <label>Send Email to Employee</label>
    <processMetadataValues>
        <name>BuilderType</name>
        <value>
            <stringValue>LightningFlowBuilder</stringValue>
        </value>
    </processMetadataValues>
    <processMetadataValues>
        <name>CanvasMode</name>
        <value>
            <stringValue>FREE_FORM_CANVAS</stringValue>
        </value>
    </processMetadataValues>
    <processMetadataValues>
        <name>OriginBuilderType</name>
        <value>
            <stringValue>LightningFlowBuilder</stringValue>
        </value>
    </processMetadataValues>
    <processType>AutoLaunchedFlow</processType>
    <start>
        <locationX>650</locationX>
        <locationY>48</locationY>
        <connector>
            <targetReference>Send_email_to_employee</targetReference>
        </connector>
        <object>Certification_Request__c</object>
        <recordTriggerType>Create</recordTriggerType>
        <triggerType>RecordAfterSave</triggerType>
    </start>
    <status>Active</status>
    <textTemplates>
        <description>This is the email to notify the employee.</description>
        <name>Bodyoftheemail</name>
        <isViewedAsPlainText>false</isViewedAsPlainText>
        <text>&lt;p&gt;&lt;span style=&quot;background-color: rgb(255, 255, 255); font-size: 11.36px; font-family: Arial, Helvetica, sans-serif; color: rgb(0, 0, 0);&quot;&gt;Dear {!$Record.Employee__r.Name},&lt;/span&gt;&lt;/p&gt;&lt;p&gt;&lt;br&gt;&lt;/p&gt;&lt;p&gt;&lt;span style=&quot;background-color: rgb(255, 255, 255); font-size: 11.36px; font-family: Arial, Helvetica, sans-serif; color: rgb(0, 0, 0);&quot;&gt;Thank you for submitting your request to us online. The name of your certification request is: &quot;{!$Record.Name}&quot;&lt;/span&gt;&lt;/p&gt;&lt;p&gt;&lt;br&gt;&lt;/p&gt;&lt;p&gt;&lt;span style=&quot;background-color: rgb(255, 255, 255); font-size: 11.36px; font-family: Arial, Helvetica, sans-serif; color: rgb(0, 0, 0);&quot;&gt;We look forward to speaking with you soon.&lt;/span&gt;&lt;/p&gt;&lt;p&gt;&lt;br&gt;&lt;/p&gt;&lt;p&gt;&lt;span style=&quot;background-color: rgb(255, 255, 255); font-size: 11.36px; font-family: Arial, Helvetica, sans-serif; color: rgb(0, 0, 0);&quot;&gt;Thank you,&lt;/span&gt;&lt;/p&gt;&lt;p&gt;&lt;br&gt;&lt;/p&gt;&lt;p&gt;&lt;span style=&quot;background-color: rgb(255, 255, 255); font-size: 11.36px; font-family: Arial, Helvetica, sans-serif; color: rgb(0, 0, 0);&quot;&gt;Employee Advocate Team&lt;/span&gt;&lt;/p&gt;&lt;p&gt;{!$User.CommunityNickname}&lt;/p&gt;</text>
    </textTemplates>
</Flow>
