<?xml version="1.0" encoding="UTF-8"?>
<Flow xmlns="http://soap.sforce.com/2006/04/metadata">
    <actionCalls>
        <description>This is to notify both user and employee that the request has been approved or rejected.</description>
        <name>Send_to_Employee</name>
        <label>Send to Employee</label>
        <locationX>176</locationX>
        <locationY>335</locationY>
        <actionName>emailSimple</actionName>
        <actionType>emailSimple</actionType>
        <connector>
            <targetReference>Send_to_user</targetReference>
        </connector>
        <flowTransactionModel>CurrentTransaction</flowTransactionModel>
        <inputParameters>
            <name>emailBody</name>
            <value>
                <elementReference>AdminEmailBody</elementReference>
            </value>
        </inputParameters>
        <inputParameters>
            <name>emailAddresses</name>
            <value>
                <elementReference>$Record.Employee__r.Email__c</elementReference>
            </value>
        </inputParameters>
        <inputParameters>
            <name>sendRichBody</name>
            <value>
                <booleanValue>true</booleanValue>
            </value>
        </inputParameters>
        <inputParameters>
            <name>emailSubject</name>
            <value>
                <stringValue>Certification Request</stringValue>
            </value>
        </inputParameters>
    </actionCalls>
    <actionCalls>
        <name>Send_to_user</name>
        <label>Send to user</label>
        <locationX>176</locationX>
        <locationY>455</locationY>
        <actionName>emailSimple</actionName>
        <actionType>emailSimple</actionType>
        <flowTransactionModel>CurrentTransaction</flowTransactionModel>
        <inputParameters>
            <name>emailBody</name>
            <value>
                <elementReference>AdminEmailBody</elementReference>
            </value>
        </inputParameters>
        <inputParameters>
            <name>emailAddresses</name>
            <value>
                <elementReference>$Record.CreatedBy.Email</elementReference>
            </value>
        </inputParameters>
        <inputParameters>
            <name>sendRichBody</name>
            <value>
                <booleanValue>true</booleanValue>
            </value>
        </inputParameters>
        <inputParameters>
            <name>emailSubject</name>
            <value>
                <stringValue>Certification Request</stringValue>
            </value>
        </inputParameters>
    </actionCalls>
    <apiVersion>55.0</apiVersion>
    <interviewLabel>Sending Notification to User and Employee {!$Flow.CurrentDateTime}</interviewLabel>
    <label>Sending Notification to User and Employee</label>
    <processMetadataValues>
        <name>BuilderType</name>
        <value>
            <stringValue>LightningFlowBuilder</stringValue>
        </value>
    </processMetadataValues>
    <processMetadataValues>
        <name>CanvasMode</name>
        <value>
            <stringValue>AUTO_LAYOUT_CANVAS</stringValue>
        </value>
    </processMetadataValues>
    <processMetadataValues>
        <name>OriginBuilderType</name>
        <value>
            <stringValue>LightningFlowBuilder</stringValue>
        </value>
    </processMetadataValues>
    <processType>AutoLaunchedFlow</processType>
    <start>
        <locationX>50</locationX>
        <locationY>0</locationY>
        <connector>
            <targetReference>Send_to_Employee</targetReference>
        </connector>
        <filterLogic>or</filterLogic>
        <filters>
            <field>Status__c</field>
            <operator>EqualTo</operator>
            <value>
                <stringValue>Approved</stringValue>
            </value>
        </filters>
        <filters>
            <field>Status__c</field>
            <operator>EqualTo</operator>
            <value>
                <stringValue>Rejected</stringValue>
            </value>
        </filters>
        <object>Certification_Request__c</object>
        <recordTriggerType>Update</recordTriggerType>
        <triggerType>RecordAfterSave</triggerType>
    </start>
    <status>Active</status>
    <textTemplates>
        <description>This is the email to notify the user and employee that the request has been approved or rejected.</description>
        <name>AdminEmailBody</name>
        <isViewedAsPlainText>false</isViewedAsPlainText>
        <text>&lt;p&gt;&lt;span style=&quot;color: rgb(0, 0, 0); font-family: sans-serif; font-size: 12px; background-color: rgb(255, 255, 255);&quot;&gt;Dear {!$Record.Employee__r.Name} and {!$Record.CreatedBy.CommunityNickname},&lt;/span&gt;&lt;/p&gt;&lt;p&gt;&lt;br&gt;&lt;/p&gt;&lt;p&gt;&lt;span style=&quot;color: rgb(0, 0, 0); font-family: sans-serif; font-size: 12px; background-color: rgb(255, 255, 255);&quot;&gt;The following request has been {!$Record.Status__c}.&lt;/span&gt;&lt;/p&gt;&lt;p&gt;&lt;br&gt;&lt;/p&gt;&lt;p&gt;&lt;span style=&quot;font-family: sans-serif; font-size: 12px;&quot;&gt;Certification Request Name: {!$Record.Name}&lt;/span&gt;&lt;/p&gt;&lt;p&gt;&lt;br&gt;&lt;/p&gt;&lt;p&gt;&lt;span style=&quot;color: rgb(0, 0, 0); font-family: sans-serif; font-size: 12px; background-color: rgb(255, 255, 255);&quot;&gt;Thank you,&lt;/span&gt;&lt;/p&gt;&lt;p&gt;&lt;br&gt;&lt;/p&gt;&lt;p&gt;&lt;span style=&quot;color: rgb(0, 0, 0); font-family: sans-serif; font-size: 12px; background-color: rgb(255, 255, 255);&quot;&gt;Employee Advocate Team&lt;/span&gt;&lt;/p&gt;&lt;p&gt;{!$User.CommunityNickname}&lt;/p&gt;</text>
    </textTemplates>
</Flow>
