<?xml version="1.0" encoding="UTF-8"?>
<CustomField xmlns="http://soap.sforce.com/2006/04/metadata">
    <fullName>Age__c</fullName>
    <externalId>false</externalId>
    <formula>IF( NOT( ISBLANK( Birthdate__c) ) ,
  IF( DATE( 2000 , MONTH( Birthdate__c) , DAY( Birthdate__c) ) &lt;= DATE( 2000 , MONTH( TODAY() ) , DAY( TODAY() ) ),
     YEAR (Today()) - YEAR ( Birthdate__c),
     YEAR (Today()) - YEAR ( Birthdate__c ) -1 ),
  null)</formula>
    <formulaTreatBlanksAs>BlankAsZero</formulaTreatBlanksAs>
    <label>Age</label>
    <precision>18</precision>
    <required>false</required>
    <scale>0</scale>
    <trackHistory>false</trackHistory>
    <trackTrending>false</trackTrending>
    <type>Number</type>
    <unique>false</unique>
</CustomField>
