<?xml version="1.0" encoding="UTF-8"?>
<CustomField xmlns="http://soap.sforce.com/2006/04/metadata">
    <fullName>Needs_Renovation__c</fullName>
    <externalId>false</externalId>
    <formula>IF( Property_Age_Years__c  &lt; 5, IMAGE(&quot;https://dummycompany6-dev-ed--c.vf.force.com/resource/1656661915000/green&quot;, &quot;green&quot;, 12, 15),
IF((Property_Age_Years__c &gt; 5 &amp;&amp; Property_Age_Years__c &lt; 10), IMAGE(&quot;https://dummycompany6-dev-ed--c.vf.force.com/resource/1656661915000/orange&quot;, &quot;orange&quot;, 12, 12),
IF(Property_Age_Years__c &gt; 10, IMAGE(&quot;https://dummycompany6-dev-ed--c.vf.force.com/resource/1656661915000/red&quot;, &quot;red&quot;, 12, 12), &quot;&quot;)))</formula>
    <formulaTreatBlanksAs>BlankAsZero</formulaTreatBlanksAs>
    <label>Needs Renovation</label>
    <required>false</required>
    <trackHistory>false</trackHistory>
    <trackTrending>false</trackTrending>
    <type>Text</type>
    <unique>false</unique>
</CustomField>
