<?xml version="1.0" encoding="UTF-8"?>
<ApprovalProcess xmlns="http://soap.sforce.com/2006/04/metadata">
    <active>true</active>
    <allowRecall>true</allowRecall>
    <allowedSubmitters>
        <submitter>vince@training2022.com</submitter>
        <type>user</type>
    </allowedSubmitters>
    <allowedSubmitters>
        <submitter>vincentberdera2@gmail.com.customer1</submitter>
        <type>user</type>
    </allowedSubmitters>
    <allowedSubmitters>
        <submitter>vincentberdera2@gmail.com.customer2</submitter>
        <type>user</type>
    </allowedSubmitters>
    <approvalPageFields>
        <field>Name</field>
        <field>Property__c</field>
        <field>Customer__c</field>
        <field>Status__c</field>
        <field>Actual_Price__c</field>
        <field>Quoted_Price__c</field>
        <field>Acquire_Property_By__c</field>
    </approvalPageFields>
    <approvalStep>
        <allowDelegate>false</allowDelegate>
        <approvalActions>
            <action>
                <name>Assign_Approval_to_Builder</name>
                <type>FieldUpdate</type>
            </action>
        </approvalActions>
        <assignedApprover>
            <approver>
                <name>vince@training2022.com</name>
                <type>user</type>
            </approver>
            <approver>
                <name>vincentberdera2@gmail.com.contractor1</name>
                <type>user</type>
            </approver>
            <whenMultipleApprovers>FirstResponse</whenMultipleApprovers>
        </assignedApprover>
        <description>Data will be sent to Builder for Approval</description>
        <entryCriteria>
            <criteriaItems>
                <field>Property_Booking__c.Quoted_Price__c</field>
                <operation>greaterThan</operation>
                <value>0</value>
            </criteriaItems>
        </entryCriteria>
        <ifCriteriaNotMet>RejectRecord</ifCriteriaNotMet>
        <label>Send to builder for approval</label>
        <name>Send_to_builder_for_approval</name>
    </approvalStep>
    <enableMobileDeviceAccess>false</enableMobileDeviceAccess>
    <entryCriteria>
        <criteriaItems>
            <field>Property_Booking__c.Quoted_Price__c</field>
            <operation>greaterThan</operation>
            <value>0</value>
        </criteriaItems>
    </entryCriteria>
    <finalApprovalActions>
        <action>
            <name>Property_booking_was_approved</name>
            <type>FieldUpdate</type>
        </action>
    </finalApprovalActions>
    <finalApprovalRecordLock>false</finalApprovalRecordLock>
    <finalRejectionActions>
        <action>
            <name>Property_booking_was_rejected</name>
            <type>FieldUpdate</type>
        </action>
    </finalRejectionActions>
    <finalRejectionRecordLock>false</finalRejectionRecordLock>
    <initialSubmissionActions>
        <action>
            <name>Moving_to_sent_for_approval</name>
            <type>FieldUpdate</type>
        </action>
    </initialSubmissionActions>
    <label>Property booking approval</label>
    <nextAutomatedApprover>
        <useApproverFieldOfRecordOwner>false</useApproverFieldOfRecordOwner>
        <userHierarchyField>Manager</userHierarchyField>
    </nextAutomatedApprover>
    <processOrder>1</processOrder>
    <recordEditability>AdminOnly</recordEditability>
    <showApprovalHistory>true</showApprovalHistory>
</ApprovalProcess>
