<?xml version="1.0" encoding="UTF-8"?>
<Flow xmlns="http://soap.sforce.com/2006/04/metadata">
    <apiVersion>55.0</apiVersion>
    <decisions>
        <name>Delete_Not_Allowed</name>
        <label>Delete Not Allowed</label>
        <locationX>768</locationX>
        <locationY>339</locationY>
        <defaultConnectorLabel>Default Outcome</defaultConnectorLabel>
        <rules>
            <name>Do_not_delete</name>
            <conditionLogic>and</conditionLogic>
            <conditions>
                <leftValueReference>$Profile.Name</leftValueReference>
                <operator>Contains</operator>
                <rightValue>
                    <stringValue>Contractor</stringValue>
                </rightValue>
            </conditions>
            <connector>
                <targetReference>Update_Account</targetReference>
            </connector>
            <label>Do not delete</label>
        </rules>
    </decisions>
    <interviewLabel>delete error message {!$Flow.CurrentDateTime}</interviewLabel>
    <label>delete error</label>
    <processMetadataValues>
        <name>BuilderType</name>
        <value>
            <stringValue>LightningFlowBuilder</stringValue>
        </value>
    </processMetadataValues>
    <processMetadataValues>
        <name>CanvasMode</name>
        <value>
            <stringValue>FREE_FORM_CANVAS</stringValue>
        </value>
    </processMetadataValues>
    <processMetadataValues>
        <name>OriginBuilderType</name>
        <value>
            <stringValue>LightningFlowBuilder</stringValue>
        </value>
    </processMetadataValues>
    <processType>AutoLaunchedFlow</processType>
    <recordUpdates>
        <name>Update_Account</name>
        <label>Update Account</label>
        <locationX>776</locationX>
        <locationY>573</locationY>
        <inputAssignments>
            <field>IsDeletable__c</field>
            <value>
                <booleanValue>true</booleanValue>
            </value>
        </inputAssignments>
        <inputReference>$Record</inputReference>
    </recordUpdates>
    <start>
        <locationX>650</locationX>
        <locationY>48</locationY>
        <connector>
            <targetReference>Delete_Not_Allowed</targetReference>
        </connector>
        <object>Quotation__c</object>
        <recordTriggerType>Delete</recordTriggerType>
        <triggerType>RecordBeforeDelete</triggerType>
    </start>
    <status>Active</status>
</Flow>
