<?xml version="1.0" encoding="UTF-8"?>
<Flow xmlns="http://soap.sforce.com/2006/04/metadata">
    <apiVersion>55.0</apiVersion>
    <decisions>
        <name>Check_Data</name>
        <label>Check Data</label>
        <locationX>769</locationX>
        <locationY>474</locationY>
        <defaultConnectorLabel>Default Outcome</defaultConnectorLabel>
        <rules>
            <name>Data_is_null</name>
            <conditionLogic>and</conditionLogic>
            <conditions>
                <leftValueReference>Fetch_Duplicates</leftValueReference>
                <operator>IsNull</operator>
                <rightValue>
                    <booleanValue>true</booleanValue>
                </rightValue>
            </conditions>
            <label>Data is null</label>
        </rules>
        <rules>
            <name>Data_is_not_null</name>
            <conditionLogic>and</conditionLogic>
            <conditions>
                <leftValueReference>Fetch_Duplicates</leftValueReference>
                <operator>IsNull</operator>
                <rightValue>
                    <booleanValue>false</booleanValue>
                </rightValue>
            </conditions>
            <connector>
                <targetReference>Check_if_record_is_completed</targetReference>
            </connector>
            <label>Data is not null</label>
        </rules>
    </decisions>
    <decisions>
        <name>Check_if_record_is_completed</name>
        <label>Check if record is completed</label>
        <locationX>558</locationX>
        <locationY>473</locationY>
        <defaultConnectorLabel>Default Outcome</defaultConnectorLabel>
        <rules>
            <name>Data_is_completed</name>
            <conditionLogic>or</conditionLogic>
            <conditions>
                <leftValueReference>Fetch_Duplicates.Status__c</leftValueReference>
                <operator>EqualTo</operator>
                <rightValue>
                    <stringValue>Approved</stringValue>
                </rightValue>
            </conditions>
            <conditions>
                <leftValueReference>Fetch_Duplicates.Status__c</leftValueReference>
                <operator>EqualTo</operator>
                <rightValue>
                    <stringValue>Rejected</stringValue>
                </rightValue>
            </conditions>
            <label>Data is completed</label>
        </rules>
        <rules>
            <name>Data_is_not_completed</name>
            <conditionLogic>or</conditionLogic>
            <conditions>
                <leftValueReference>Fetch_Duplicates.Status__c</leftValueReference>
                <operator>EqualTo</operator>
                <rightValue>
                    <stringValue>New</stringValue>
                </rightValue>
            </conditions>
            <conditions>
                <leftValueReference>Fetch_Duplicates.Status__c</leftValueReference>
                <operator>EqualTo</operator>
                <rightValue>
                    <stringValue>Sent for Approval</stringValue>
                </rightValue>
            </conditions>
            <label>Data is not completed</label>
        </rules>
    </decisions>
    <description>Use to check if data is duplicated and if it is not completed</description>
    <interviewLabel>Duplicate Flow {!$Flow.CurrentDateTime}</interviewLabel>
    <label>Duplicate Flow</label>
    <processMetadataValues>
        <name>BuilderType</name>
        <value>
            <stringValue>LightningFlowBuilder</stringValue>
        </value>
    </processMetadataValues>
    <processMetadataValues>
        <name>CanvasMode</name>
        <value>
            <stringValue>FREE_FORM_CANVAS</stringValue>
        </value>
    </processMetadataValues>
    <processMetadataValues>
        <name>OriginBuilderType</name>
        <value>
            <stringValue>LightningFlowBuilder</stringValue>
        </value>
    </processMetadataValues>
    <processType>AutoLaunchedFlow</processType>
    <recordLookups>
        <name>Fetch_Duplicates</name>
        <label>Fetch Duplicates</label>
        <locationX>776</locationX>
        <locationY>333</locationY>
        <assignNullValuesIfNoRecordsFound>false</assignNullValuesIfNoRecordsFound>
        <connector>
            <targetReference>Check_Data</targetReference>
        </connector>
        <filterLogic>and</filterLogic>
        <filters>
            <field>Property__c</field>
            <operator>EqualTo</operator>
            <value>
                <elementReference>$Record.Property__c</elementReference>
            </value>
        </filters>
        <filters>
            <field>Customer__c</field>
            <operator>EqualTo</operator>
            <value>
                <elementReference>$Record.Customer__c</elementReference>
            </value>
        </filters>
        <filters>
            <field>Status__c</field>
            <operator>EqualTo</operator>
            <value>
                <elementReference>$Record.Status__c</elementReference>
            </value>
        </filters>
        <getFirstRecordOnly>true</getFirstRecordOnly>
        <object>Property_Booking__c</object>
        <storeOutputAutomatically>true</storeOutputAutomatically>
    </recordLookups>
    <start>
        <locationX>650</locationX>
        <locationY>48</locationY>
        <connector>
            <targetReference>Fetch_Duplicates</targetReference>
        </connector>
        <object>Property_Booking__c</object>
        <recordTriggerType>CreateAndUpdate</recordTriggerType>
        <triggerType>RecordBeforeSave</triggerType>
    </start>
    <status>Draft</status>
</Flow>
