<?xml version="1.0" encoding="UTF-8"?>
<Flow xmlns="http://soap.sforce.com/2006/04/metadata">
    <actionCalls>
        <name>Generate_and_Email_PDF</name>
        <label>Generate and Email PDF</label>
        <locationX>458</locationX>
        <locationY>520</locationY>
        <actionName>QuotePDFController</actionName>
        <actionType>apex</actionType>
        <connector>
            <targetReference>Update_Quotation_to_Quoted_to_Customer</targetReference>
        </connector>
        <flowTransactionModel>Automatic</flowTransactionModel>
        <inputParameters>
            <name>args</name>
            <value>
                <elementReference>generatePDFArgs</elementReference>
            </value>
        </inputParameters>
    </actionCalls>
    <apiVersion>55.0</apiVersion>
    <assignments>
        <name>set_Args</name>
        <label>set Args</label>
        <locationX>298</locationX>
        <locationY>521</locationY>
        <assignmentItems>
            <assignToReference>generatePDFArgs</assignToReference>
            <operator>Add</operator>
            <value>
                <elementReference>fetch_quotation.Customer_Email__c</elementReference>
            </value>
        </assignmentItems>
        <assignmentItems>
            <assignToReference>generatePDFArgs</assignToReference>
            <operator>Add</operator>
            <value>
                <elementReference>fetch_quotation.Id</elementReference>
            </value>
        </assignmentItems>
        <connector>
            <targetReference>Generate_and_Email_PDF</targetReference>
        </connector>
    </assignments>
    <decisions>
        <name>Should_Email_PDF</name>
        <label>Should Email PDF</label>
        <locationX>290</locationX>
        <locationY>335</locationY>
        <defaultConnectorLabel>Default Outcome</defaultConnectorLabel>
        <rules>
            <name>Email_PDF</name>
            <conditionLogic>and</conditionLogic>
            <conditions>
                <leftValueReference>fetch_quotation.Customer_Email__c</leftValueReference>
                <operator>NotEqualTo</operator>
                <rightValue>
                    <stringValue></stringValue>
                </rightValue>
            </conditions>
            <connector>
                <targetReference>set_Args</targetReference>
            </connector>
            <label>Email PDF</label>
        </rules>
    </decisions>
    <interviewLabel>Generate and Email Quote PDF {!$Flow.CurrentDateTime}</interviewLabel>
    <label>Generate and Email Quote PDF</label>
    <processMetadataValues>
        <name>BuilderType</name>
        <value>
            <stringValue>LightningFlowBuilder</stringValue>
        </value>
    </processMetadataValues>
    <processMetadataValues>
        <name>CanvasMode</name>
        <value>
            <stringValue>FREE_FORM_CANVAS</stringValue>
        </value>
    </processMetadataValues>
    <processMetadataValues>
        <name>OriginBuilderType</name>
        <value>
            <stringValue>LightningFlowBuilder</stringValue>
        </value>
    </processMetadataValues>
    <processType>Flow</processType>
    <recordLookups>
        <description>Fetch Quotation Records</description>
        <name>fetch_quotation</name>
        <label>fetch quotation</label>
        <locationX>299</locationX>
        <locationY>186</locationY>
        <assignNullValuesIfNoRecordsFound>false</assignNullValuesIfNoRecordsFound>
        <connector>
            <targetReference>Should_Email_PDF</targetReference>
        </connector>
        <filterLogic>and</filterLogic>
        <filters>
            <field>Id</field>
            <operator>EqualTo</operator>
            <value>
                <elementReference>recordId</elementReference>
            </value>
        </filters>
        <getFirstRecordOnly>true</getFirstRecordOnly>
        <object>Quotation__c</object>
        <storeOutputAutomatically>true</storeOutputAutomatically>
    </recordLookups>
    <recordUpdates>
        <name>Update_Quotation_to_Quoted_to_Customer</name>
        <label>Update Quotation to Quoted to Customer</label>
        <locationX>457</locationX>
        <locationY>369</locationY>
        <connector>
            <targetReference>Display_Success</targetReference>
        </connector>
        <filterLogic>and</filterLogic>
        <filters>
            <field>Id</field>
            <operator>EqualTo</operator>
            <value>
                <elementReference>fetch_quotation.Id</elementReference>
            </value>
        </filters>
        <inputAssignments>
            <field>Quoted_to_Customer__c</field>
            <value>
                <booleanValue>true</booleanValue>
            </value>
        </inputAssignments>
        <object>Quotation__c</object>
    </recordUpdates>
    <screens>
        <name>Display_Success</name>
        <label>Display Success</label>
        <locationX>455</locationX>
        <locationY>196</locationY>
        <allowBack>false</allowBack>
        <allowFinish>true</allowFinish>
        <allowPause>false</allowPause>
        <fields>
            <name>SuccessMessage</name>
            <fieldText>&lt;p style=&quot;text-align: center;&quot;&gt;&lt;span style=&quot;font-size: 20px; color: rgb(6, 157, 45);&quot;&gt;Quotation Sent Successfully.&lt;/span&gt;&lt;/p&gt;</fieldText>
            <fieldType>DisplayText</fieldType>
        </fields>
        <nextOrFinishButtonLabel>Close</nextOrFinishButtonLabel>
        <showFooter>true</showFooter>
        <showHeader>false</showHeader>
    </screens>
    <start>
        <locationX>172</locationX>
        <locationY>48</locationY>
        <connector>
            <targetReference>fetch_quotation</targetReference>
        </connector>
    </start>
    <status>Active</status>
    <variables>
        <name>generatePDFArgs</name>
        <dataType>String</dataType>
        <isCollection>true</isCollection>
        <isInput>true</isInput>
        <isOutput>false</isOutput>
    </variables>
    <variables>
        <name>recordId</name>
        <dataType>String</dataType>
        <isCollection>false</isCollection>
        <isInput>true</isInput>
        <isOutput>false</isOutput>
    </variables>
</Flow>
