<?xml version="1.0" encoding="UTF-8"?>
<ValidationRule xmlns="http://soap.sforce.com/2006/04/metadata">
    <fullName>Changes_not_allowed</fullName>
    <active>true</active>
    <errorConditionFormula>AND(Quoted_to_Customer__c = TRUE, OR( ISCHANGED( Booking_Ref__c ), ISCHANGED( Property_Name__c ), ISCHANGED(  Property_Type__c ), ISCHANGED( Customer_Name__c ), ISCHANGED( Acquire_Property_By__c ), ISCHANGED( Price__c ), ISCHANGED( Customer_Email__c )))</errorConditionFormula>
    <errorMessage>Quotation could not be modified once sent to Customer</errorMessage>
</ValidationRule>
