<?xml version="1.0" encoding="UTF-8"?>
<CustomField xmlns="http://soap.sforce.com/2006/04/metadata">
    <fullName>District__c</fullName>
    <externalId>false</externalId>
    <label>District</label>
    <required>false</required>
    <trackHistory>false</trackHistory>
    <trackTrending>false</trackTrending>
    <type>Picklist</type>
    <valueSet>
        <controllingField>State__c</controllingField>
        <restricted>true</restricted>
        <valueSetDefinition>
            <sorted>false</sorted>
            <value>
                <fullName>Alluri Sitarama Raju</fullName>
                <default>false</default>
                <label>Alluri Sitarama Raju</label>
            </value>
            <value>
                <fullName>Bapatla</fullName>
                <default>false</default>
                <label>Bapatla</label>
            </value>
            <value>
                <fullName>Guntur</fullName>
                <default>false</default>
                <label>Guntur</label>
            </value>
            <value>
                <fullName>Ambala</fullName>
                <default>false</default>
                <label>Ambala</label>
            </value>
            <value>
                <fullName>Hisar</fullName>
                <default>false</default>
                <label>Hisar</label>
            </value>
            <value>
                <fullName>Kurukshetra</fullName>
                <default>false</default>
                <label>Kurukshetra</label>
            </value>
            <value>
                <fullName>Baksa</fullName>
                <default>false</default>
                <label>Baksa</label>
            </value>
            <value>
                <fullName>Chirang</fullName>
                <default>false</default>
                <label>Chirang</label>
            </value>
            <value>
                <fullName>Goalpara</fullName>
                <default>false</default>
                <label>Goalpara</label>
            </value>
            <value>
                <fullName>Dimapur</fullName>
                <default>false</default>
                <label>Dimapur</label>
            </value>
            <value>
                <fullName>Mokokchung</fullName>
                <default>false</default>
                <label>Mokokchung</label>
            </value>
            <value>
                <fullName>Kiphire</fullName>
                <default>false</default>
                <label>Kiphire</label>
            </value>
        </valueSetDefinition>
        <valueSettings>
            <controllingFieldValue>Andhra Pradesh</controllingFieldValue>
            <valueName>Alluri Sitarama Raju</valueName>
        </valueSettings>
        <valueSettings>
            <controllingFieldValue>Andhra Pradesh</controllingFieldValue>
            <valueName>Bapatla</valueName>
        </valueSettings>
        <valueSettings>
            <controllingFieldValue>Andhra Pradesh</controllingFieldValue>
            <valueName>Guntur</valueName>
        </valueSettings>
        <valueSettings>
            <controllingFieldValue>Haryana</controllingFieldValue>
            <valueName>Ambala</valueName>
        </valueSettings>
        <valueSettings>
            <controllingFieldValue>Haryana</controllingFieldValue>
            <valueName>Hisar</valueName>
        </valueSettings>
        <valueSettings>
            <controllingFieldValue>Haryana</controllingFieldValue>
            <valueName>Kurukshetra</valueName>
        </valueSettings>
        <valueSettings>
            <controllingFieldValue>Assam</controllingFieldValue>
            <valueName>Baksa</valueName>
        </valueSettings>
        <valueSettings>
            <controllingFieldValue>Assam</controllingFieldValue>
            <valueName>Chirang</valueName>
        </valueSettings>
        <valueSettings>
            <controllingFieldValue>Assam</controllingFieldValue>
            <valueName>Goalpara</valueName>
        </valueSettings>
        <valueSettings>
            <controllingFieldValue>Nagaland</controllingFieldValue>
            <valueName>Dimapur</valueName>
        </valueSettings>
        <valueSettings>
            <controllingFieldValue>Nagaland</controllingFieldValue>
            <valueName>Mokokchung</valueName>
        </valueSettings>
        <valueSettings>
            <controllingFieldValue>Nagaland</controllingFieldValue>
            <valueName>Kiphire</valueName>
        </valueSettings>
    </valueSet>
</CustomField>
