<?xml version="1.0" encoding="UTF-8"?>
<CustomField xmlns="http://soap.sforce.com/2006/04/metadata">
    <fullName>Total_Revenue__c</fullName>
    <externalId>false</externalId>
    <label>Total Revenue</label>
    <summarizedField>Unit__c.Price__c</summarizedField>
    <summaryForeignKey>Unit__c.Building_Name__c</summaryForeignKey>
    <summaryOperation>sum</summaryOperation>
    <trackHistory>false</trackHistory>
    <trackTrending>false</trackTrending>
    <type>Summary</type>
</CustomField>
