<?xml version="1.0" encoding="UTF-8"?>
<CustomField xmlns="http://soap.sforce.com/2006/04/metadata">
    <fullName>Car_Booking__c</fullName>
    <deleteConstraint>SetNull</deleteConstraint>
    <externalId>false</externalId>
    <label>Car Booking</label>
    <referenceTo>Car_Booking__c</referenceTo>
    <relationshipLabel>Cases</relationshipLabel>
    <relationshipName>Cases</relationshipName>
    <required>false</required>
    <trackFeedHistory>false</trackFeedHistory>
    <trackHistory>false</trackHistory>
    <trackTrending>false</trackTrending>
    <type>Lookup</type>
</CustomField>
