{
  "status": 0,
  "result": {
    "createdById": "0055i000005PfBAAA0",
    "createdByName": "Paypal Clone Vincent Michael",
    "createdDate": "2022-08-08T08:48:05.000Z",
    "fileName": "triggers/BillTrigger.trigger",
    "fullName": "BillTrigger",
    "id": "01q5i000001NgJHAA0",
    "lastModifiedById": "0055i000005PfBAAA0",
    "lastModifiedByName": "Paypal Clone Vincent Michael",
    "lastModifiedDate": "2022-08-09T08:27:16.000Z",
    "manageableState": "unmanaged",
    "type": "ApexTrigger"
  }
}