{
  "status": 0,
  "result": [
    {
      "createdById": "0055i000005PfBAAA0",
      "createdByName": "Paypal Clone Vincent Michael",
      "createdDate": "2022-08-09T14:49:19.000Z",
      "fileName": "classes/PaypalRecordsTest.cls",
      "fullName": "PaypalRecordsTest",
      "id": "01p5i00000GSBEuAAP",
      "lastModifiedById": "0055i000005PfBAAA0",
      "lastModifiedByName": "Paypal Clone Vincent Michael",
      "lastModifiedDate": "2022-08-09T23:59:51.000Z",
      "manageableState": "unmanaged",
      "type": "ApexClass"
    },
    {
      "createdById": "0055i000005PfBAAA0",
      "createdByName": "Paypal Clone Vincent Michael",
      "createdDate": "2022-08-02T08:17:04.000Z",
      "fileName": "classes/PaypalRecords.cls",
      "fullName": "PaypalRecords",
      "id": "01p5i00000FlJLsAAN",
      "lastModifiedById": "0055i000005PfBAAA0",
      "lastModifiedByName": "Paypal Clone Vincent Michael",
      "lastModifiedDate": "2022-08-09T15:53:41.000Z",
      "manageableState": "unmanaged",
      "type": "ApexClass"
    },
    {
      "createdById": "0055i000005PfBAAA0",
      "createdByName": "Paypal Clone Vincent Michael",
      "createdDate": "2022-08-03T02:36:07.000Z",
      "fileName": "classes/CaseController.cls",
      "fullName": "CaseController",
      "id": "01p5i00000FwHMsAAN",
      "lastModifiedById": "0055i000005PfBAAA0",
      "lastModifiedByName": "Paypal Clone Vincent Michael",
      "lastModifiedDate": "2022-08-03T04:44:16.000Z",
      "manageableState": "unmanaged",
      "type": "ApexClass"
    }
  ]
}