{
  "status": 0,
  "result": [
    {
      "createdById": "0055i000005PfBAAA0",
      "createdByName": "Paypal Clone Vincent Michael",
      "createdDate": "2022-08-02T06:28:10.000Z",
      "fileName": "profileSessionSettings/Support_Team_profileSessionSetting1659421690293.profileSessionSetting",
      "fullName": "Support_Team_profileSessionSetting1659421690293",
      "id": "0HU5i000000gVFKGA2",
      "lastModifiedById": "0055i000005PfBAAA0",
      "lastModifiedByName": "Paypal Clone Vincent Michael",
      "lastModifiedDate": "2022-08-09T05:02:06.000Z",
      "manageableState": "unmanaged",
      "type": "ProfileSessionSetting"
    },
    {
      "createdById": "0055i000005PfBAAA0",
      "createdByName": "Paypal Clone Vincent Michael",
      "createdDate": "2022-08-02T06:27:38.000Z",
      "fileName": "profileSessionSettings/Customer_profileSessionSetting1659421658569.profileSessionSetting",
      "fullName": "Customer_profileSessionSetting1659421658569",
      "id": "0HU5i000000gVFFGA2",
      "lastModifiedById": "0055i000005PfBAAA0",
      "lastModifiedByName": "Paypal Clone Vincent Michael",
      "lastModifiedDate": "2022-08-02T06:27:38.000Z",
      "manageableState": "unmanaged",
      "type": "ProfileSessionSetting"
    }
  ]
}