<?xml version="1.0" encoding="UTF-8"?>
<CustomField xmlns="http://soap.sforce.com/2006/04/metadata">
    <fullName>Type__c</fullName>
    <defaultValue>&apos;Sedan&apos;</defaultValue>
    <externalId>false</externalId>
    <label>Type</label>
    <required>false</required>
    <trackHistory>false</trackHistory>
    <trackTrending>false</trackTrending>
    <type>Picklist</type>
    <valueSet>
        <restricted>true</restricted>
        <valueSetDefinition>
            <sorted>false</sorted>
            <value>
                <fullName>Micro</fullName>
                <default>false</default>
                <label>Micro</label>
            </value>
            <value>
                <fullName>Sedan</fullName>
                <default>false</default>
                <label>Sedan</label>
            </value>
            <value>
                <fullName>Hatchback</fullName>
                <default>false</default>
                <label>Hatchback</label>
            </value>
            <value>
                <fullName>Sport Car</fullName>
                <default>false</default>
                <label>Sport Car</label>
            </value>
            <value>
                <fullName>Super Car</fullName>
                <default>false</default>
                <label>Super Car</label>
            </value>
            <value>
                <fullName>SUV</fullName>
                <default>false</default>
                <label>SUV</label>
            </value>
            <value>
                <fullName>Crossover</fullName>
                <default>false</default>
                <label>Crossover</label>
            </value>
            <value>
                <fullName>Pickup</fullName>
                <default>false</default>
                <label>Pickup</label>
            </value>
            <value>
                <fullName>Van</fullName>
                <default>false</default>
                <label>Van</label>
            </value>
            <value>
                <fullName>Minivan</fullName>
                <default>false</default>
                <label>Minivan</label>
            </value>
            <value>
                <fullName>Minibus</fullName>
                <default>false</default>
                <label>Minibus</label>
            </value>
        </valueSetDefinition>
    </valueSet>
</CustomField>
