<?xml version="1.0" encoding="UTF-8"?>
<ListView xmlns="http://soap.sforce.com/2006/04/metadata">
    <fullName>All</fullName>
    <columns>NAME</columns>
    <columns>Booking_Ref__c</columns>
    <columns>Property_Name__c</columns>
    <columns>Property_Type__c</columns>
    <columns>Customer_Name__c</columns>
    <columns>Acquire_Property_By__c</columns>
    <columns>Price__c</columns>
    <columns>Quoted_to_Customer__c</columns>
    <columns>Customer_Email__c</columns>
    <filterScope>Everything</filterScope>
    <label>All</label>
</ListView>
