<?xml version="1.0" encoding="UTF-8"?>
<CustomField xmlns="http://soap.sforce.com/2006/04/metadata">
    <fullName>Payment_Status__c</fullName>
    <externalId>false</externalId>
    <label>Payment Status</label>
    <required>false</required>
    <trackHistory>false</trackHistory>
    <trackTrending>false</trackTrending>
    <type>Picklist</type>
    <valueSet>
        <valueSetDefinition>
            <sorted>false</sorted>
            <value>
                <fullName>Not Paid</fullName>
                <default>true</default>
                <label>Not Paid</label>
            </value>
            <value>
                <fullName>Paid</fullName>
                <default>false</default>
                <label>Paid</label>
            </value>
        </valueSetDefinition>
    </valueSet>
</CustomField>
