<?xml version="1.0" encoding="UTF-8"?>
<CustomField xmlns="http://soap.sforce.com/2006/04/metadata">
    <fullName>Stage__c</fullName>
    <externalId>false</externalId>
    <label>Stage</label>
    <required>false</required>
    <trackHistory>false</trackHistory>
    <trackTrending>false</trackTrending>
    <type>Picklist</type>
    <valueSet>
        <valueSetDefinition>
            <sorted>false</sorted>
            <value>
                <fullName>Placed</fullName>
                <default>true</default>
                <label>Placed</label>
            </value>
            <value>
                <fullName>Processing Your Order</fullName>
                <default>false</default>
                <label>Processing Your Order</label>
            </value>
            <value>
                <fullName>In Transit</fullName>
                <default>false</default>
                <label>In Transit</label>
            </value>
            <value>
                <fullName>Delivered</fullName>
                <default>false</default>
                <label>Delivered</label>
            </value>
        </valueSetDefinition>
    </valueSet>
</CustomField>
