<?xml version="1.0" encoding="UTF-8"?>
<CustomField xmlns="http://soap.sforce.com/2006/04/metadata">
    <fullName>Status__c</fullName>
    <externalId>false</externalId>
    <label>Status</label>
    <required>false</required>
    <trackHistory>false</trackHistory>
    <trackTrending>false</trackTrending>
    <type>Picklist</type>
    <valueSet>
        <valueSetDefinition>
            <sorted>false</sorted>
            <value>
                <fullName>New</fullName>
                <default>true</default>
                <label>New</label>
            </value>
            <value>
                <fullName>Sent for Approval</fullName>
                <default>false</default>
                <label>Sent for Approval</label>
            </value>
            <value>
                <fullName>Approved</fullName>
                <default>false</default>
                <label>Approved</label>
            </value>
            <value>
                <fullName>Rejected</fullName>
                <default>false</default>
                <label>Rejected</label>
            </value>
        </valueSetDefinition>
    </valueSet>
</CustomField>
