<?xml version="1.0" encoding="UTF-8"?>
<Flow xmlns="http://soap.sforce.com/2006/04/metadata">
    <apiVersion>55.0</apiVersion>
    <decisions>
        <processMetadataValues>
            <name>index</name>
            <value>
                <numberValue>0.0</numberValue>
            </value>
        </processMetadataValues>
        <name>myDecision</name>
        <label>myDecision</label>
        <locationX>50</locationX>
        <locationY>0</locationY>
        <defaultConnector>
            <targetReference>myDecision2</targetReference>
        </defaultConnector>
        <defaultConnectorLabel>default</defaultConnectorLabel>
        <rules>
            <name>myRule_1</name>
            <conditionLogic>and</conditionLogic>
            <conditions>
                <leftValueReference>formula_myRule_1</leftValueReference>
                <operator>EqualTo</operator>
                <rightValue>
                    <booleanValue>true</booleanValue>
                </rightValue>
            </conditions>
            <connector>
                <targetReference>myRule_1_A1</targetReference>
            </connector>
            <label>Discount of 10 Percent</label>
        </rules>
    </decisions>
    <decisions>
        <processMetadataValues>
            <name>index</name>
            <value>
                <numberValue>1.0</numberValue>
            </value>
        </processMetadataValues>
        <name>myDecision2</name>
        <label>myDecision2</label>
        <locationX>50</locationX>
        <locationY>0</locationY>
        <defaultConnectorLabel>default</defaultConnectorLabel>
        <rules>
            <name>myRule_3</name>
            <conditionLogic>and</conditionLogic>
            <conditions>
                <leftValueReference>formula_myRule_3</leftValueReference>
                <operator>EqualTo</operator>
                <rightValue>
                    <booleanValue>true</booleanValue>
                </rightValue>
            </conditions>
            <connector>
                <targetReference>myRule_3_A1</targetReference>
            </connector>
            <label>Discount of 20 Percent</label>
        </rules>
    </decisions>
    <description>Discount of 20% should be applied if tenure is between 8 to 10 years whereas 10 %  discount to applied when tenure is between 5 to 8 yrs.</description>
    <formulas>
        <processMetadataValues>
            <name>originalFormula</name>
            <value>
                <stringValue>AND(
YEAR([Contract__c].End_Date__c) - YEAR([Contract__c].Start_Date__c) &gt; 4,
YEAR([Contract__c].End_Date__c) - YEAR([Contract__c].Start_Date__c) &lt; 9
)</stringValue>
            </value>
        </processMetadataValues>
        <name>formula_myRule_1</name>
        <dataType>Boolean</dataType>
        <expression>AND(
YEAR({!myVariable_current.End_Date__c}) - YEAR({!myVariable_current.Start_Date__c}) &gt; 4,
YEAR({!myVariable_current.End_Date__c}) - YEAR({!myVariable_current.Start_Date__c}) &lt; 9
)</expression>
    </formulas>
    <formulas>
        <processMetadataValues>
            <name>originalFormula</name>
            <value>
                <stringValue>AND(
YEAR([Contract__c].End_Date__c) - YEAR([Contract__c].Start_Date__c) &gt; 8,
YEAR([Contract__c].End_Date__c) - YEAR([Contract__c].Start_Date__c) &lt; 11
)</stringValue>
            </value>
        </processMetadataValues>
        <name>formula_myRule_3</name>
        <dataType>Boolean</dataType>
        <expression>AND(
YEAR({!myVariable_current.End_Date__c}) - YEAR({!myVariable_current.Start_Date__c}) &gt; 8,
YEAR({!myVariable_current.End_Date__c}) - YEAR({!myVariable_current.Start_Date__c}) &lt; 11
)</expression>
    </formulas>
    <interviewLabel>Discount_Amount-2_InterviewLabel</interviewLabel>
    <label>Discount Amount</label>
    <processMetadataValues>
        <name>ObjectType</name>
        <value>
            <stringValue>Contract__c</stringValue>
        </value>
    </processMetadataValues>
    <processMetadataValues>
        <name>ObjectVariable</name>
        <value>
            <elementReference>myVariable_current</elementReference>
        </value>
    </processMetadataValues>
    <processMetadataValues>
        <name>OldObjectVariable</name>
        <value>
            <elementReference>myVariable_old</elementReference>
        </value>
    </processMetadataValues>
    <processMetadataValues>
        <name>TriggerType</name>
        <value>
            <stringValue>onAllChanges</stringValue>
        </value>
    </processMetadataValues>
    <processType>Workflow</processType>
    <recordUpdates>
        <processMetadataValues>
            <name>evaluationType</name>
            <value>
                <stringValue>always</stringValue>
            </value>
        </processMetadataValues>
        <processMetadataValues>
            <name>extraTypeInfo</name>
        </processMetadataValues>
        <processMetadataValues>
            <name>isChildRelationship</name>
            <value>
                <booleanValue>false</booleanValue>
            </value>
        </processMetadataValues>
        <processMetadataValues>
            <name>reference</name>
            <value>
                <stringValue>[Contract__c]</stringValue>
            </value>
        </processMetadataValues>
        <processMetadataValues>
            <name>referenceTargetField</name>
        </processMetadataValues>
        <name>myRule_1_A1</name>
        <label>10 Percent Discount</label>
        <locationX>100</locationX>
        <locationY>200</locationY>
        <filterLogic>and</filterLogic>
        <filters>
            <processMetadataValues>
                <name>implicit</name>
                <value>
                    <booleanValue>true</booleanValue>
                </value>
            </processMetadataValues>
            <field>Id</field>
            <operator>EqualTo</operator>
            <value>
                <elementReference>myVariable_current.Id</elementReference>
            </value>
        </filters>
        <inputAssignments>
            <processMetadataValues>
                <name>dataType</name>
                <value>
                    <stringValue>Number</stringValue>
                </value>
            </processMetadataValues>
            <processMetadataValues>
                <name>isRequired</name>
                <value>
                    <booleanValue>false</booleanValue>
                </value>
            </processMetadataValues>
            <processMetadataValues>
                <name>leftHandSideLabel</name>
                <value>
                    <stringValue>Discount</stringValue>
                </value>
            </processMetadataValues>
            <processMetadataValues>
                <name>leftHandSideReferenceTo</name>
                <value>
                    <stringValue></stringValue>
                </value>
            </processMetadataValues>
            <processMetadataValues>
                <name>rightHandSideType</name>
                <value>
                    <stringValue>Number</stringValue>
                </value>
            </processMetadataValues>
            <field>Discount__c</field>
            <value>
                <numberValue>10.0</numberValue>
            </value>
        </inputAssignments>
        <object>Contract__c</object>
    </recordUpdates>
    <recordUpdates>
        <processMetadataValues>
            <name>evaluationType</name>
            <value>
                <stringValue>always</stringValue>
            </value>
        </processMetadataValues>
        <processMetadataValues>
            <name>extraTypeInfo</name>
        </processMetadataValues>
        <processMetadataValues>
            <name>isChildRelationship</name>
            <value>
                <booleanValue>false</booleanValue>
            </value>
        </processMetadataValues>
        <processMetadataValues>
            <name>reference</name>
            <value>
                <stringValue>[Contract__c]</stringValue>
            </value>
        </processMetadataValues>
        <processMetadataValues>
            <name>referenceTargetField</name>
        </processMetadataValues>
        <name>myRule_3_A1</name>
        <label>20 Percent Discount</label>
        <locationX>300</locationX>
        <locationY>200</locationY>
        <filterLogic>and</filterLogic>
        <filters>
            <processMetadataValues>
                <name>implicit</name>
                <value>
                    <booleanValue>true</booleanValue>
                </value>
            </processMetadataValues>
            <field>Id</field>
            <operator>EqualTo</operator>
            <value>
                <elementReference>myVariable_current.Id</elementReference>
            </value>
        </filters>
        <inputAssignments>
            <processMetadataValues>
                <name>dataType</name>
                <value>
                    <stringValue>Number</stringValue>
                </value>
            </processMetadataValues>
            <processMetadataValues>
                <name>isRequired</name>
                <value>
                    <booleanValue>false</booleanValue>
                </value>
            </processMetadataValues>
            <processMetadataValues>
                <name>leftHandSideLabel</name>
                <value>
                    <stringValue>Discount</stringValue>
                </value>
            </processMetadataValues>
            <processMetadataValues>
                <name>leftHandSideReferenceTo</name>
                <value>
                    <stringValue></stringValue>
                </value>
            </processMetadataValues>
            <processMetadataValues>
                <name>rightHandSideType</name>
                <value>
                    <stringValue>Number</stringValue>
                </value>
            </processMetadataValues>
            <field>Discount__c</field>
            <value>
                <numberValue>20.0</numberValue>
            </value>
        </inputAssignments>
        <object>Contract__c</object>
    </recordUpdates>
    <startElementReference>myDecision</startElementReference>
    <status>Active</status>
    <variables>
        <name>myVariable_current</name>
        <dataType>SObject</dataType>
        <isCollection>false</isCollection>
        <isInput>true</isInput>
        <isOutput>true</isOutput>
        <objectType>Contract__c</objectType>
    </variables>
    <variables>
        <name>myVariable_old</name>
        <dataType>SObject</dataType>
        <isCollection>false</isCollection>
        <isInput>true</isInput>
        <isOutput>false</isOutput>
        <objectType>Contract__c</objectType>
    </variables>
</Flow>
