<?xml version="1.0" encoding="UTF-8"?>
<Flow xmlns="http://soap.sforce.com/2006/04/metadata">
    <apiVersion>55.0</apiVersion>
    <assignments>
        <name>Assign_Prevent_Save</name>
        <label>Assign Prevent Save</label>
        <locationX>50</locationX>
        <locationY>551</locationY>
        <assignmentItems>
            <assignToReference>$Record.IsDuplicate__c</assignToReference>
            <operator>Assign</operator>
            <value>
                <booleanValue>true</booleanValue>
            </value>
        </assignmentItems>
    </assignments>
    <decisions>
        <name>Duplicate_Building_Exist</name>
        <label>Duplicate Building Exist?</label>
        <locationX>182</locationX>
        <locationY>431</locationY>
        <defaultConnectorLabel>Default Outcome</defaultConnectorLabel>
        <rules>
            <name>Duplicate_Building_Found_True</name>
            <conditionLogic>and</conditionLogic>
            <conditions>
                <leftValueReference>building</leftValueReference>
                <operator>IsNull</operator>
                <rightValue>
                    <booleanValue>false</booleanValue>
                </rightValue>
            </conditions>
            <connector>
                <targetReference>Assign_Prevent_Save</targetReference>
            </connector>
            <label>Duplicate Building Found - True</label>
        </rules>
    </decisions>
    <interviewLabel>Duplicate Building {!$Flow.CurrentDateTime}</interviewLabel>
    <label>Duplicate Building</label>
    <processMetadataValues>
        <name>BuilderType</name>
        <value>
            <stringValue>LightningFlowBuilder</stringValue>
        </value>
    </processMetadataValues>
    <processMetadataValues>
        <name>CanvasMode</name>
        <value>
            <stringValue>AUTO_LAYOUT_CANVAS</stringValue>
        </value>
    </processMetadataValues>
    <processMetadataValues>
        <name>OriginBuilderType</name>
        <value>
            <stringValue>LightningFlowBuilder</stringValue>
        </value>
    </processMetadataValues>
    <processType>AutoLaunchedFlow</processType>
    <recordLookups>
        <name>Fetch_Possible_Duplicate</name>
        <label>Fetch Possible Duplicate</label>
        <locationX>182</locationX>
        <locationY>311</locationY>
        <assignNullValuesIfNoRecordsFound>true</assignNullValuesIfNoRecordsFound>
        <connector>
            <targetReference>Duplicate_Building_Exist</targetReference>
        </connector>
        <filterLogic>and</filterLogic>
        <filters>
            <field>Address__c</field>
            <operator>EqualTo</operator>
            <value>
                <elementReference>$Record.Address__c</elementReference>
            </value>
        </filters>
        <filters>
            <field>Name</field>
            <operator>EqualTo</operator>
            <value>
                <elementReference>$Record.Name</elementReference>
            </value>
        </filters>
        <object>Building__c</object>
        <outputReference>building</outputReference>
        <queriedFields>Id</queriedFields>
    </recordLookups>
    <start>
        <locationX>56</locationX>
        <locationY>0</locationY>
        <connector>
            <targetReference>Fetch_Possible_Duplicate</targetReference>
        </connector>
        <object>Building__c</object>
        <recordTriggerType>CreateAndUpdate</recordTriggerType>
        <triggerType>RecordBeforeSave</triggerType>
    </start>
    <status>Active</status>
    <variables>
        <name>building</name>
        <dataType>SObject</dataType>
        <isCollection>false</isCollection>
        <isInput>false</isInput>
        <isOutput>false</isOutput>
        <objectType>Building__c</objectType>
    </variables>
</Flow>
