<?xml version="1.0" encoding="UTF-8"?>
<Flow xmlns="http://soap.sforce.com/2006/04/metadata">
    <actionCalls>
        <name>Generate_and_Email_PDF</name>
        <label>Generate and Email PDF</label>
        <locationX>269</locationX>
        <locationY>541</locationY>
        <actionName>ContractPDFController</actionName>
        <actionType>apex</actionType>
        <flowTransactionModel>Automatic</flowTransactionModel>
        <inputParameters>
            <name>args</name>
            <value>
                <elementReference>generatePDFArgs</elementReference>
            </value>
        </inputParameters>
    </actionCalls>
    <apiVersion>55.0</apiVersion>
    <assignments>
        <name>set_Args</name>
        <label>set Args</label>
        <locationX>479</locationX>
        <locationY>541</locationY>
        <assignmentItems>
            <assignToReference>generatePDFArgs</assignToReference>
            <operator>Add</operator>
            <value>
                <elementReference>Fetch_Contract_Record.Tenant__r.Email</elementReference>
            </value>
        </assignmentItems>
        <assignmentItems>
            <assignToReference>generatePDFArgs</assignToReference>
            <operator>Add</operator>
            <value>
                <elementReference>recordId</elementReference>
            </value>
        </assignmentItems>
        <connector>
            <targetReference>Generate_and_Email_PDF</targetReference>
        </connector>
    </assignments>
    <decisions>
        <name>Should_Email_PDF</name>
        <label>Should Email PDF</label>
        <locationX>709</locationX>
        <locationY>544</locationY>
        <defaultConnectorLabel>Default Outcome</defaultConnectorLabel>
        <rules>
            <name>Email_PDF</name>
            <conditionLogic>and</conditionLogic>
            <conditions>
                <leftValueReference>Fetch_Contract_Record.Tenant__r.Email</leftValueReference>
                <operator>NotEqualTo</operator>
                <rightValue>
                    <stringValue></stringValue>
                </rightValue>
            </conditions>
            <connector>
                <targetReference>set_Args</targetReference>
            </connector>
            <label>Email PDF</label>
        </rules>
    </decisions>
    <interviewLabel>Generate and Email Contract PDF {!$Flow.CurrentDateTime}</interviewLabel>
    <label>Generate and Email Contract PDF</label>
    <processMetadataValues>
        <name>BuilderType</name>
        <value>
            <stringValue>LightningFlowBuilder</stringValue>
        </value>
    </processMetadataValues>
    <processMetadataValues>
        <name>CanvasMode</name>
        <value>
            <stringValue>FREE_FORM_CANVAS</stringValue>
        </value>
    </processMetadataValues>
    <processMetadataValues>
        <name>OriginBuilderType</name>
        <value>
            <stringValue>LightningFlowBuilder</stringValue>
        </value>
    </processMetadataValues>
    <processType>Flow</processType>
    <recordLookups>
        <name>Fetch_Contract_Record</name>
        <label>Fetch Contract Record</label>
        <locationX>718</locationX>
        <locationY>365</locationY>
        <assignNullValuesIfNoRecordsFound>false</assignNullValuesIfNoRecordsFound>
        <connector>
            <targetReference>Should_Email_PDF</targetReference>
        </connector>
        <filterLogic>and</filterLogic>
        <filters>
            <field>Id</field>
            <operator>EqualTo</operator>
            <value>
                <elementReference>recordId</elementReference>
            </value>
        </filters>
        <getFirstRecordOnly>true</getFirstRecordOnly>
        <object>Contract__c</object>
        <storeOutputAutomatically>true</storeOutputAutomatically>
    </recordLookups>
    <screens>
        <name>Email_Contract_PDF</name>
        <label>Email Contract PDF</label>
        <locationX>717</locationX>
        <locationY>206</locationY>
        <allowBack>false</allowBack>
        <allowFinish>true</allowFinish>
        <allowPause>false</allowPause>
        <connector>
            <targetReference>Fetch_Contract_Record</targetReference>
        </connector>
        <fields>
            <name>LWC_LMSComponent</name>
            <extensionName>c:emailContract</extensionName>
            <fieldType>ComponentInstance</fieldType>
            <inputParameters>
                <name>recordId</name>
                <value>
                    <elementReference>recordId</elementReference>
                </value>
            </inputParameters>
            <inputsOnNextNavToAssocScrn>UseStoredValues</inputsOnNextNavToAssocScrn>
            <isRequired>true</isRequired>
            <storeOutputAutomatically>true</storeOutputAutomatically>
        </fields>
        <nextOrFinishButtonLabel>Email Contract</nextOrFinishButtonLabel>
        <showFooter>true</showFooter>
        <showHeader>true</showHeader>
    </screens>
    <start>
        <locationX>591</locationX>
        <locationY>48</locationY>
        <connector>
            <targetReference>Email_Contract_PDF</targetReference>
        </connector>
    </start>
    <status>Active</status>
    <variables>
        <name>generatePDFArgs</name>
        <dataType>String</dataType>
        <isCollection>true</isCollection>
        <isInput>true</isInput>
        <isOutput>false</isOutput>
    </variables>
    <variables>
        <name>recordId</name>
        <dataType>String</dataType>
        <isCollection>false</isCollection>
        <isInput>true</isInput>
        <isOutput>true</isOutput>
    </variables>
</Flow>
