<?xml version="1.0" encoding="UTF-8"?>
<Flow xmlns="http://soap.sforce.com/2006/04/metadata">
    <apiVersion>55.0</apiVersion>
    <choices>
        <name>LongTerm</name>
        <choiceText>Long Term</choiceText>
        <dataType>String</dataType>
        <value>
            <stringValue>0125i000000LsakAAC</stringValue>
        </value>
    </choices>
    <choices>
        <name>ShortTerm</name>
        <choiceText>Short Term</choiceText>
        <dataType>String</dataType>
        <value>
            <stringValue>0125i000000LsafAAC</stringValue>
        </value>
    </choices>
    <decisions>
        <name>Check_if_data_is_really_long_term</name>
        <label>Check if data is really long term</label>
        <locationX>458</locationX>
        <locationY>1059</locationY>
        <defaultConnector>
            <targetReference>Check_if_with_the_lease_period</targetReference>
        </defaultConnector>
        <defaultConnectorLabel>Default Outcome</defaultConnectorLabel>
        <rules>
            <name>It_is_not_long_term</name>
            <conditionLogic>and</conditionLogic>
            <conditions>
                <leftValueReference>Tenure</leftValueReference>
                <operator>LessThan</operator>
                <rightValue>
                    <numberValue>3.0</numberValue>
                </rightValue>
            </conditions>
            <conditions>
                <leftValueReference>Record_Type</leftValueReference>
                <operator>EqualTo</operator>
                <rightValue>
                    <elementReference>LongTerm</elementReference>
                </rightValue>
            </conditions>
            <connector>
                <targetReference>not_long_term</targetReference>
            </connector>
            <label>It is not long term</label>
        </rules>
    </decisions>
    <decisions>
        <name>Check_If_there_is_already_a_contract_associated_that_is_already_approved</name>
        <label>Check If there is already a contract associated that is already approved</label>
        <locationX>769</locationX>
        <locationY>492</locationY>
        <defaultConnector>
            <targetReference>Is_contact_Null</targetReference>
        </defaultConnector>
        <defaultConnectorLabel>Default Outcome</defaultConnectorLabel>
        <rules>
            <name>Is_there_a_contract_already_associated_that_is_approved</name>
            <conditionLogic>and</conditionLogic>
            <conditions>
                <leftValueReference>Fetch_Unit_Record.Contract__c</leftValueReference>
                <operator>IsNull</operator>
                <rightValue>
                    <booleanValue>false</booleanValue>
                </rightValue>
            </conditions>
            <connector>
                <targetReference>Unit_already_associated_with_a_contract_that_is_approved</targetReference>
            </connector>
            <label>There is a contract already associated that is approved?</label>
        </rules>
    </decisions>
    <decisions>
        <name>Check_if_with_the_lease_period</name>
        <label>Check if with the lease period</label>
        <locationX>461</locationX>
        <locationY>1282</locationY>
        <defaultConnector>
            <targetReference>Create_New_Contract</targetReference>
        </defaultConnector>
        <defaultConnectorLabel>Default Outcome</defaultConnectorLabel>
        <rules>
            <name>Greater_than_maximum_lease</name>
            <conditionLogic>(1 AND 2) OR (3 AND 4)</conditionLogic>
            <conditions>
                <leftValueReference>Tenure</leftValueReference>
                <operator>GreaterThan</operator>
                <rightValue>
                    <numberValue>10.0</numberValue>
                </rightValue>
            </conditions>
            <conditions>
                <leftValueReference>Record_Type</leftValueReference>
                <operator>EqualTo</operator>
                <rightValue>
                    <elementReference>LongTerm</elementReference>
                </rightValue>
            </conditions>
            <conditions>
                <leftValueReference>Tenure</leftValueReference>
                <operator>GreaterThan</operator>
                <rightValue>
                    <numberValue>3.0</numberValue>
                </rightValue>
            </conditions>
            <conditions>
                <leftValueReference>Record_Type</leftValueReference>
                <operator>EqualTo</operator>
                <rightValue>
                    <elementReference>ShortTerm</elementReference>
                </rightValue>
            </conditions>
            <connector>
                <targetReference>Greater_than_intended_lease</targetReference>
            </connector>
            <label>Greater than maximum lease</label>
        </rules>
    </decisions>
    <decisions>
        <name>Is_contact_Null</name>
        <label>Is contact Null?</label>
        <locationX>768</locationX>
        <locationY>735</locationY>
        <defaultConnector>
            <targetReference>Contact_is_null</targetReference>
        </defaultConnector>
        <defaultConnectorLabel>Default Outcome</defaultConnectorLabel>
        <rules>
            <name>Contact_is_Not_Null_True</name>
            <conditionLogic>and</conditionLogic>
            <conditions>
                <leftValueReference>Fetch_Unit_Record.Contact__c</leftValueReference>
                <operator>IsNull</operator>
                <rightValue>
                    <booleanValue>false</booleanValue>
                </rightValue>
            </conditions>
            <connector>
                <targetReference>Choose_Record_Type</targetReference>
            </connector>
            <label>Contact is Not Null - True</label>
        </rules>
    </decisions>
    <formulas>
        <name>Tenure</name>
        <dataType>Number</dataType>
        <expression>YEAR({!End_Date}) - YEAR({!Start_Date})</expression>
        <scale>2</scale>
    </formulas>
    <interviewLabel>New Contract {!$Flow.CurrentDateTime}</interviewLabel>
    <label>New Contract</label>
    <processMetadataValues>
        <name>BuilderType</name>
        <value>
            <stringValue>LightningFlowBuilder</stringValue>
        </value>
    </processMetadataValues>
    <processMetadataValues>
        <name>CanvasMode</name>
        <value>
            <stringValue>FREE_FORM_CANVAS</stringValue>
        </value>
    </processMetadataValues>
    <processMetadataValues>
        <name>OriginBuilderType</name>
        <value>
            <stringValue>LightningFlowBuilder</stringValue>
        </value>
    </processMetadataValues>
    <processType>Flow</processType>
    <recordCreates>
        <name>Create_New_Contract</name>
        <label>Create New Contract</label>
        <locationX>253</locationX>
        <locationY>1281</locationY>
        <inputAssignments>
            <field>Building_Name__c</field>
            <value>
                <elementReference>Fetch_Unit_Record.Building_Name__r.Name</elementReference>
            </value>
        </inputAssignments>
        <inputAssignments>
            <field>End_Date__c</field>
            <value>
                <elementReference>End_Date</elementReference>
            </value>
        </inputAssignments>
        <inputAssignments>
            <field>Flat_No__c</field>
            <value>
                <elementReference>Fetch_Unit_Record.Flat_No__c</elementReference>
            </value>
        </inputAssignments>
        <inputAssignments>
            <field>Price__c</field>
            <value>
                <elementReference>Fetch_Unit_Record.Price__c</elementReference>
            </value>
        </inputAssignments>
        <inputAssignments>
            <field>RecordTypeId</field>
            <value>
                <elementReference>Record_Type</elementReference>
            </value>
        </inputAssignments>
        <inputAssignments>
            <field>Start_Date__c</field>
            <value>
                <elementReference>Start_Date</elementReference>
            </value>
        </inputAssignments>
        <inputAssignments>
            <field>Status__c</field>
            <value>
                <stringValue>New</stringValue>
            </value>
        </inputAssignments>
        <inputAssignments>
            <field>Tenant__c</field>
            <value>
                <elementReference>Fetch_Unit_Record.Contact__c</elementReference>
            </value>
        </inputAssignments>
        <object>Contract__c</object>
        <storeOutputAutomatically>true</storeOutputAutomatically>
    </recordCreates>
    <recordLookups>
        <name>Fetch_Contact_Record</name>
        <label>Fetch Contact Record</label>
        <locationX>776</locationX>
        <locationY>354</locationY>
        <assignNullValuesIfNoRecordsFound>false</assignNullValuesIfNoRecordsFound>
        <connector>
            <targetReference>Check_If_there_is_already_a_contract_associated_that_is_already_approved</targetReference>
        </connector>
        <filterLogic>and</filterLogic>
        <filters>
            <field>Id</field>
            <operator>EqualTo</operator>
            <value>
                <elementReference>Fetch_Unit_Record.Contact__c</elementReference>
            </value>
        </filters>
        <getFirstRecordOnly>true</getFirstRecordOnly>
        <object>Contact</object>
        <storeOutputAutomatically>true</storeOutputAutomatically>
    </recordLookups>
    <recordLookups>
        <name>Fetch_Unit_Record</name>
        <label>Fetch Unit Record</label>
        <locationX>776</locationX>
        <locationY>219</locationY>
        <assignNullValuesIfNoRecordsFound>false</assignNullValuesIfNoRecordsFound>
        <connector>
            <targetReference>Fetch_Contact_Record</targetReference>
        </connector>
        <filterLogic>and</filterLogic>
        <filters>
            <field>Id</field>
            <operator>EqualTo</operator>
            <value>
                <elementReference>recordId</elementReference>
            </value>
        </filters>
        <getFirstRecordOnly>true</getFirstRecordOnly>
        <object>Unit__c</object>
        <storeOutputAutomatically>true</storeOutputAutomatically>
    </recordLookups>
    <screens>
        <name>Choose_Record_Type</name>
        <label>Choose Record Type</label>
        <locationX>634</locationX>
        <locationY>886</locationY>
        <allowBack>true</allowBack>
        <allowFinish>true</allowFinish>
        <allowPause>true</allowPause>
        <connector>
            <targetReference>Create_Contract_Screen</targetReference>
        </connector>
        <fields>
            <name>Record_Type</name>
            <choiceReferences>LongTerm</choiceReferences>
            <choiceReferences>ShortTerm</choiceReferences>
            <dataType>String</dataType>
            <defaultSelectedChoiceReference>ShortTerm</defaultSelectedChoiceReference>
            <fieldText>Record Type</fieldText>
            <fieldType>DropdownBox</fieldType>
            <isRequired>false</isRequired>
        </fields>
        <showFooter>true</showFooter>
        <showHeader>true</showHeader>
    </screens>
    <screens>
        <name>Contact_is_null</name>
        <label>Contact is null</label>
        <locationX>926</locationX>
        <locationY>871</locationY>
        <allowBack>false</allowBack>
        <allowFinish>true</allowFinish>
        <allowPause>false</allowPause>
        <fields>
            <name>Error_Message</name>
            <fieldText>&lt;p&gt;Please add contact first to create contract.&lt;/p&gt;</fieldText>
            <fieldType>DisplayText</fieldType>
        </fields>
        <nextOrFinishButtonLabel>Close</nextOrFinishButtonLabel>
        <showFooter>true</showFooter>
        <showHeader>true</showHeader>
    </screens>
    <screens>
        <name>Create_Contract_Screen</name>
        <label>Create Contract Screen</label>
        <locationX>635</locationX>
        <locationY>1057</locationY>
        <allowBack>false</allowBack>
        <allowFinish>true</allowFinish>
        <allowPause>true</allowPause>
        <connector>
            <targetReference>Check_if_data_is_really_long_term</targetReference>
        </connector>
        <fields>
            <name>Tenant_Name</name>
            <dataType>String</dataType>
            <defaultValue>
                <elementReference>Fetch_Contact_Record.Name</elementReference>
            </defaultValue>
            <fieldText>Tenant</fieldText>
            <fieldType>InputField</fieldType>
            <isRequired>false</isRequired>
        </fields>
        <fields>
            <name>Building_Name</name>
            <dataType>String</dataType>
            <defaultValue>
                <elementReference>Fetch_Unit_Record.Building_Name__r.Name</elementReference>
            </defaultValue>
            <fieldText>Building Name</fieldText>
            <fieldType>InputField</fieldType>
            <isRequired>false</isRequired>
        </fields>
        <fields>
            <name>Flat_No</name>
            <dataType>Number</dataType>
            <defaultValue>
                <elementReference>Fetch_Unit_Record.Flat_No__c</elementReference>
            </defaultValue>
            <fieldText>Flat No</fieldText>
            <fieldType>InputField</fieldType>
            <isRequired>false</isRequired>
            <scale>0</scale>
        </fields>
        <fields>
            <name>Start_Date</name>
            <dataType>Date</dataType>
            <fieldText>Start Date</fieldText>
            <fieldType>InputField</fieldType>
            <isRequired>true</isRequired>
        </fields>
        <fields>
            <name>End_Date</name>
            <dataType>Date</dataType>
            <fieldText>End Date</fieldText>
            <fieldType>InputField</fieldType>
            <isRequired>true</isRequired>
        </fields>
        <fields>
            <name>Price</name>
            <dataType>Currency</dataType>
            <defaultValue>
                <elementReference>Fetch_Unit_Record.Price__c</elementReference>
            </defaultValue>
            <fieldText>Price</fieldText>
            <fieldType>InputField</fieldType>
            <isRequired>false</isRequired>
            <scale>0</scale>
        </fields>
        <nextOrFinishButtonLabel>Save</nextOrFinishButtonLabel>
        <showFooter>true</showFooter>
        <showHeader>true</showHeader>
    </screens>
    <screens>
        <name>Greater_than_intended_lease</name>
        <label>Greater than intended lease</label>
        <locationX>722</locationX>
        <locationY>1279</locationY>
        <allowBack>false</allowBack>
        <allowFinish>true</allowFinish>
        <allowPause>false</allowPause>
        <fields>
            <name>Error_Message_0_0</name>
            <fieldText>&lt;p&gt;Maximum Lease allowed is 10 years in Long Tenure and 3 Years in Short Tenure.&lt;/p&gt;</fieldText>
            <fieldType>DisplayText</fieldType>
        </fields>
        <nextOrFinishButtonLabel>Close</nextOrFinishButtonLabel>
        <showFooter>true</showFooter>
        <showHeader>true</showHeader>
    </screens>
    <screens>
        <name>not_long_term</name>
        <label>not long term</label>
        <locationX>469</locationX>
        <locationY>891</locationY>
        <allowBack>false</allowBack>
        <allowFinish>true</allowFinish>
        <allowPause>false</allowPause>
        <fields>
            <name>Error_Message_0</name>
            <fieldText>&lt;p&gt;Long Term Contracts need to be greater than 3 years.&lt;/p&gt;</fieldText>
            <fieldType>DisplayText</fieldType>
        </fields>
        <nextOrFinishButtonLabel>Close</nextOrFinishButtonLabel>
        <showFooter>true</showFooter>
        <showHeader>true</showHeader>
    </screens>
    <screens>
        <name>Unit_already_associated_with_a_contract_that_is_approved</name>
        <label>Unit already associated with a contract that is approved.</label>
        <locationX>1013</locationX>
        <locationY>488</locationY>
        <allowBack>false</allowBack>
        <allowFinish>true</allowFinish>
        <allowPause>false</allowPause>
        <fields>
            <name>Error_Message_0_0_0</name>
            <fieldText>&lt;p&gt;New Contract creation on the same unit that was approved is not allowed.&lt;/p&gt;</fieldText>
            <fieldType>DisplayText</fieldType>
        </fields>
        <nextOrFinishButtonLabel>Close</nextOrFinishButtonLabel>
        <showFooter>true</showFooter>
        <showHeader>true</showHeader>
    </screens>
    <start>
        <locationX>650</locationX>
        <locationY>50</locationY>
        <connector>
            <targetReference>Fetch_Unit_Record</targetReference>
        </connector>
    </start>
    <status>Active</status>
    <variables>
        <name>ContractVariable</name>
        <dataType>SObject</dataType>
        <isCollection>false</isCollection>
        <isInput>false</isInput>
        <isOutput>false</isOutput>
        <objectType>Contract__c</objectType>
    </variables>
    <variables>
        <name>recordId</name>
        <dataType>String</dataType>
        <isCollection>false</isCollection>
        <isInput>true</isInput>
        <isOutput>true</isOutput>
    </variables>
    <variables>
        <name>UnitVariable</name>
        <dataType>SObject</dataType>
        <isCollection>false</isCollection>
        <isInput>true</isInput>
        <isOutput>true</isOutput>
        <objectType>Unit__c</objectType>
    </variables>
</Flow>
