<?xml version="1.0" encoding="UTF-8"?>
<Flow xmlns="http://soap.sforce.com/2006/04/metadata">
    <apiVersion>55.0</apiVersion>
    <interviewLabel>Updating Contract Number at Unit {!$Flow.CurrentDateTime}</interviewLabel>
    <label>Updating Contract Number at Unit</label>
    <processMetadataValues>
        <name>BuilderType</name>
        <value>
            <stringValue>LightningFlowBuilder</stringValue>
        </value>
    </processMetadataValues>
    <processMetadataValues>
        <name>CanvasMode</name>
        <value>
            <stringValue>FREE_FORM_CANVAS</stringValue>
        </value>
    </processMetadataValues>
    <processMetadataValues>
        <name>OriginBuilderType</name>
        <value>
            <stringValue>LightningFlowBuilder</stringValue>
        </value>
    </processMetadataValues>
    <processType>AutoLaunchedFlow</processType>
    <recordUpdates>
        <name>Update_Contract_Number_at_Unit</name>
        <label>Update Contract Number at Unit</label>
        <locationX>776</locationX>
        <locationY>416</locationY>
        <filterLogic>and</filterLogic>
        <filters>
            <field>Building_Name__c</field>
            <operator>EqualTo</operator>
            <value>
                <elementReference>$Record.Building_Name__c</elementReference>
            </value>
        </filters>
        <inputAssignments>
            <field>Contract__c</field>
            <value>
                <elementReference>recordId</elementReference>
            </value>
        </inputAssignments>
        <object>Unit__c</object>
    </recordUpdates>
    <start>
        <locationX>650</locationX>
        <locationY>46</locationY>
        <connector>
            <targetReference>Update_Contract_Number_at_Unit</targetReference>
        </connector>
        <doesRequireRecordChangedToMeetCriteria>true</doesRequireRecordChangedToMeetCriteria>
        <filterLogic>and</filterLogic>
        <filters>
            <field>Status__c</field>
            <operator>EqualTo</operator>
            <value>
                <stringValue>Approved</stringValue>
            </value>
        </filters>
        <object>Contract__c</object>
        <recordTriggerType>Update</recordTriggerType>
        <triggerType>RecordAfterSave</triggerType>
    </start>
    <status>Active</status>
    <variables>
        <name>recordId</name>
        <dataType>String</dataType>
        <isCollection>false</isCollection>
        <isInput>true</isInput>
        <isOutput>false</isOutput>
    </variables>
</Flow>
