<?xml version="1.0" encoding="UTF-8"?>
<CustomField xmlns="http://soap.sforce.com/2006/04/metadata">
    <fullName>District__c</fullName>
    <externalId>false</externalId>
    <label>District</label>
    <required>false</required>
    <trackHistory>false</trackHistory>
    <trackTrending>false</trackTrending>
    <type>Picklist</type>
    <valueSet>
        <controllingField>State__c</controllingField>
        <restricted>true</restricted>
        <valueSetName>District</valueSetName>
        <valueSettings>
            <controllingFieldValue>California</controllingFieldValue>
            <valueName>Alameda, Butte</valueName>
        </valueSettings>
        <valueSettings>
            <controllingFieldValue>California</controllingFieldValue>
            <valueName>El Dorado</valueName>
        </valueSettings>
        <valueSettings>
            <controllingFieldValue>California</controllingFieldValue>
            <valueName>Fresno</valueName>
        </valueSettings>
        <valueSettings>
            <controllingFieldValue>California</controllingFieldValue>
            <valueName>Los Angeles</valueName>
        </valueSettings>
        <valueSettings>
            <controllingFieldValue>California</controllingFieldValue>
            <valueName>Orange</valueName>
        </valueSettings>
        <valueSettings>
            <controllingFieldValue>California</controllingFieldValue>
            <valueName>Placer</valueName>
        </valueSettings>
        <valueSettings>
            <controllingFieldValue>California</controllingFieldValue>
            <valueName>Sacramento</valueName>
        </valueSettings>
        <valueSettings>
            <controllingFieldValue>California</controllingFieldValue>
            <valueName>San Bernardino</valueName>
        </valueSettings>
        <valueSettings>
            <controllingFieldValue>California</controllingFieldValue>
            <valueName>San Diego</valueName>
        </valueSettings>
        <valueSettings>
            <controllingFieldValue>Texas</controllingFieldValue>
            <valueName>Paris</valueName>
        </valueSettings>
        <valueSettings>
            <controllingFieldValue>Texas</controllingFieldValue>
            <valueName>Fort Worth</valueName>
        </valueSettings>
        <valueSettings>
            <controllingFieldValue>Texas</controllingFieldValue>
            <valueName>Wichita Falls</valueName>
        </valueSettings>
        <valueSettings>
            <controllingFieldValue>Texas</controllingFieldValue>
            <valueName>Amarillo</valueName>
        </valueSettings>
        <valueSettings>
            <controllingFieldValue>Texas</controllingFieldValue>
            <valueName>Lubbock</valueName>
        </valueSettings>
        <valueSettings>
            <controllingFieldValue>Texas</controllingFieldValue>
            <valueName>Odessa</valueName>
        </valueSettings>
        <valueSettings>
            <controllingFieldValue>Texas</controllingFieldValue>
            <valueName>San Angelo</valueName>
        </valueSettings>
        <valueSettings>
            <controllingFieldValue>Texas</controllingFieldValue>
            <valueName>Abilene</valueName>
        </valueSettings>
        <valueSettings>
            <controllingFieldValue>Texas</controllingFieldValue>
            <valueName>Waco</valueName>
        </valueSettings>
        <valueSettings>
            <controllingFieldValue>Texas</controllingFieldValue>
            <valueName>Tyler</valueName>
        </valueSettings>
        <valueSettings>
            <controllingFieldValue>Florida</controllingFieldValue>
            <valueName>Southwest Florida</valueName>
        </valueSettings>
        <valueSettings>
            <controllingFieldValue>Florida</controllingFieldValue>
            <valueName>Northeast Florida</valueName>
        </valueSettings>
        <valueSettings>
            <controllingFieldValue>Florida</controllingFieldValue>
            <valueName>Northwest Florida</valueName>
        </valueSettings>
        <valueSettings>
            <controllingFieldValue>Florida</controllingFieldValue>
            <valueName>Southeast Florida</valueName>
        </valueSettings>
        <valueSettings>
            <controllingFieldValue>Florida</controllingFieldValue>
            <valueName>Central Florida</valueName>
        </valueSettings>
        <valueSettings>
            <controllingFieldValue>Florida</controllingFieldValue>
            <valueName>South Florida</valueName>
        </valueSettings>
        <valueSettings>
            <controllingFieldValue>Florida</controllingFieldValue>
            <valueName>West Central Florida</valueName>
        </valueSettings>
        <valueSettings>
            <controllingFieldValue>Florida</controllingFieldValue>
            <valueName>Calhoun</valueName>
        </valueSettings>
        <valueSettings>
            <controllingFieldValue>Florida</controllingFieldValue>
            <valueName>Escambia</valueName>
        </valueSettings>
        <valueSettings>
            <controllingFieldValue>Florida</controllingFieldValue>
            <valueName>Franklin</valueName>
        </valueSettings>
        <valueSettings>
            <controllingFieldValue>Virginia</controllingFieldValue>
            <valueName>Montross</valueName>
        </valueSettings>
        <valueSettings>
            <controllingFieldValue>Virginia</controllingFieldValue>
            <valueName>Norfolk</valueName>
        </valueSettings>
        <valueSettings>
            <controllingFieldValue>Virginia</controllingFieldValue>
            <valueName>Newport News</valueName>
        </valueSettings>
        <valueSettings>
            <controllingFieldValue>Virginia</controllingFieldValue>
            <valueName>Richmond</valueName>
        </valueSettings>
        <valueSettings>
            <controllingFieldValue>Virginia</controllingFieldValue>
            <valueName>Evington</valueName>
        </valueSettings>
        <valueSettings>
            <controllingFieldValue>Virginia</controllingFieldValue>
            <valueName>Fincastle</valueName>
        </valueSettings>
        <valueSettings>
            <controllingFieldValue>Virginia</controllingFieldValue>
            <valueName>Glen Allen</valueName>
        </valueSettings>
        <valueSettings>
            <controllingFieldValue>Virginia</controllingFieldValue>
            <valueName>Alexandria</valueName>
        </valueSettings>
        <valueSettings>
            <controllingFieldValue>Virginia</controllingFieldValue>
            <valueName>Salem</valueName>
        </valueSettings>
        <valueSettings>
            <controllingFieldValue>Virginia</controllingFieldValue>
            <valueName>Leesburg</valueName>
        </valueSettings>
    </valueSet>
</CustomField>
